{"assets":{"83F9BC4245FF6CA5A95339B1E4DB0291":{"type":"texture","index":1,"url":{"native":"assets\/F662976B-C7A0-4644-B24C-19CD6D6CE2A4.pdf"},"width":1614,"height":69},"CF8E4BDD0744F490D169E12D06EF9F9F":{"type":"texture","index":2,"url":{"native":"assets\/F662976B-C7A0-4644-B24C-19CD6D6CE2A4.pdf"},"width":916,"height":69},"5BA6DF7ACEF516F7DAB78587CF30CE20":{"type":"texture","index":0,"url":{"native":"assets\/F662976B-C7A0-4644-B24C-19CD6D6CE2A4.pdf"},"width":1920,"height":1080},"DF4A1ABE0CA3332864506E8F34111A91":{"type":"texture","index":3,"url":{"native":"assets\/F662976B-C7A0-4644-B24C-19CD6D6CE2A4.pdf"},"width":1710,"height":69},"F35BDCA9E0A6280D0611243CE9535EAC":{"type":"texture","index":7,"url":{"native":"assets\/F662976B-C7A0-4644-B24C-19CD6D6CE2A4.pdf"},"width":233,"height":192},"4C464120E8927592D9F3A3E762A3111D":{"type":"texture","index":4,"url":{"native":"assets\/F662976B-C7A0-4644-B24C-19CD6D6CE2A4.pdf"},"width":1664,"height":69},"1937937BB3A3CA35C139DE4791FE2B04":{"type":"texture","index":5,"url":{"native":"assets\/F662976B-C7A0-4644-B24C-19CD6D6CE2A4.pdf"},"width":1343,"height":49},"FFEA61B63929B9571AF7D015A9BADCE2":{"type":"texture","index":6,"url":{"native":"assets\/F662976B-C7A0-4644-B24C-19CD6D6CE2A4.pdf"},"width":241,"height":198}},"events":[{"effects":[{"beginTime":0,"baseLayer":{"animations":[],"initialState":{"affineTransform":[1,0,0,1,0,0],"masksToBounds":false,"rotation":0,"scale":1,"position":{"pointX":960,"pointY":540},"width":1920,"sublayerTransform":[1,0,0,0,0,1,0,0,0,0,1,0,0,0,0,1],"contentsRect":{"y":0,"x":0,"width":1,"height":1},"opacity":1,"edgeAntialiasingMask":251658240,"height":1080,"hidden":false,"anchorPoint":{"pointX":0.5,"pointY":0.5}},"objectID":"0","layers":[{"animations":[],"initialState":{"affineTransform":[1,0,0,1,0,0],"masksToBounds":false,"rotation":0,"scale":1,"position":{"pointX":960,"pointY":540},"width":1920,"sublayerTransform":[1,0,0,0,0,1,0,0,0,0,1,-0.00035007912466775983,0,0,0,1],"contentsRect":{"y":0,"x":0,"width":1,"height":1},"opacity":1,"edgeAntialiasingMask":251658240,"height":1080,"hidden":false,"anchorPoint":{"pointX":0.5,"pointY":0.5}},"layers":[{"animations":[{"additive":false,"timeOffset":0,"beginTime":0,"repeatCount":0,"fillMode":"both","duration":1,"autoreverses":false,"animations":[{"repeatCount":0,"removedOnCompletion":true,"from":{"scalar":0},"timingFunction":"EaseInEaseOut","additive":false,"timeOffset":0,"autoreverses":false,"property":"zPosition","fillMode":"both","duration":1,"beginTime":0,"to":{"scalar":0}}],"removedOnCompletion":false}],"initialState":{"affineTransform":[1,0,0,1,0,0],"masksToBounds":false,"rotation":0,"scale":1,"position":{"pointX":960,"pointY":540},"width":1920,"sublayerTransform":[1,0,0,0,0,1,0,0,0,0,1,0,0,0,0,1],"contentsRect":{"y":0,"x":0,"width":1,"height":1},"opacity":1,"edgeAntialiasingMask":251658240,"height":1080,"hidden":false,"anchorPoint":{"pointX":0.5,"pointY":0.5}},"layers":[{"animations":[],"layers":[],"texturedRectangle":{"isBackgroundTexture":true,"singleTextureOpacity":1,"textureType":1,"textBaseline":0,"textXHeight":0,"isVerticalText":false},"initialState":{"affineTransform":[1,0,0,1,0,0],"masksToBounds":false,"rotation":0,"scale":1,"position":{"pointX":960,"pointY":540},"width":1920,"sublayerTransform":[1,0,0,0,0,1,0,0,0,0,1,0,0,0,0,1],"contentsRect":{"y":0,"x":0,"width":1,"height":1},"opacity":1,"edgeAntialiasingMask":0,"height":1080,"hidden":false,"anchorPoint":{"pointX":0.5,"pointY":0.5}},"texture":"5BA6DF7ACEF516F7DAB78587CF30CE20"}]}]},{"animations":[{"additive":false,"timeOffset":0,"beginTime":0,"repeatCount":0,"fillMode":"both","duration":1,"autoreverses":false,"animations":[{"repeatCount":0,"removedOnCompletion":true,"from":{"scalar":0.001},"timingFunction":"EaseInEaseOut","additive":false,"timeOffset":0,"autoreverses":false,"property":"zPosition","fillMode":"both","duration":1,"beginTime":0,"to":{"scalar":0.001}}],"removedOnCompletion":false}],"initialState":{"affineTransform":[1,0,0,1,0,0],"masksToBounds":false,"rotation":0,"scale":1,"position":{"pointX":973.30254041570436,"pointY":284.29559675044879},"width":1730,"sublayerTransform":[1,0,0,0,0,1,0,0,0,0,1,0,0,0,0,1],"contentsRect":{"y":0,"x":0,"width":1,"height":1},"opacity":1,"edgeAntialiasingMask":251658240,"height":305.06399536132818,"hidden":false,"anchorPoint":{"pointX":0.5,"pointY":0.5}},"layers":[{"animations":[{"additive":false,"timeOffset":0,"beginTime":0,"repeatCount":0,"fillMode":"both","duration":1,"autoreverses":false,"animations":[{"repeatCount":0,"removedOnCompletion":true,"from":{"texture":"83F9BC4245FF6CA5A95339B1E4DB0291"},"timingFunction":"EaseInEaseOut","additive":false,"timeOffset":0,"autoreverses":false,"property":"contents","fillMode":"both","duration":1,"beginTime":0,"to":{"texture":"83F9BC4245FF6CA5A95339B1E4DB0291"}}],"removedOnCompletion":false}],"layers":[],"texturedRectangle":{"singleTextureOpacity":1,"textXHeight":0.53018724637681158,"textBaseline":0.76489128307515697,"isBackgroundTexture":true,"isVerticalText":false,"textColor":[0.99990898370742798,1,0.99987810850143433,1],"textureType":6},"initialState":{"affineTransform":[1,0,0,1,0,0],"masksToBounds":false,"rotation":0,"scale":1,"position":{"pointX":865,"pointY":152.53199768066406},"width":1614,"sublayerTransform":[1,0,0,0,0,1,0,0,0,0,1,0,0,0,0,1],"contentsRect":{"y":0,"x":0,"width":1,"height":1},"opacity":1,"edgeAntialiasingMask":0,"height":69,"hidden":false,"anchorPoint":{"pointX":0.49894829022038684,"pointY":-0.12615077173262618}},"texture":"83F9BC4245FF6CA5A95339B1E4DB0291"}]},{"animations":[{"additive":false,"timeOffset":0,"beginTime":0,"repeatCount":0,"fillMode":"both","duration":1,"autoreverses":false,"animations":[{"repeatCount":0,"removedOnCompletion":true,"from":{"scalar":0.002},"timingFunction":"EaseInEaseOut","additive":false,"timeOffset":0,"autoreverses":false,"property":"zPosition","fillMode":"both","duration":1,"beginTime":0,"to":{"scalar":0.002}}],"removedOnCompletion":false}],"initialState":{"affineTransform":[1,0,0,1,0,0],"masksToBounds":false,"rotation":0,"scale":1,"position":{"pointX":973.30254041570436,"pointY":284.29559675044879},"width":1730,"sublayerTransform":[1,0,0,0,0,1,0,0,0,0,1,0,0,0,0,1],"contentsRect":{"y":0,"x":0,"width":1,"height":1},"opacity":1,"edgeAntialiasingMask":251658240,"height":305.06399536132818,"hidden":false,"anchorPoint":{"pointX":0.5,"pointY":0.5}},"layers":[{"animations":[{"additive":false,"timeOffset":0,"beginTime":0,"repeatCount":0,"fillMode":"both","duration":1,"autoreverses":false,"animations":[{"repeatCount":0,"removedOnCompletion":true,"from":{"texture":"CF8E4BDD0744F490D169E12D06EF9F9F"},"timingFunction":"EaseInEaseOut","additive":false,"timeOffset":0,"autoreverses":false,"property":"contents","fillMode":"both","duration":1,"beginTime":0,"to":{"texture":"CF8E4BDD0744F490D169E12D06EF9F9F"}}],"removedOnCompletion":false}],"layers":[],"texturedRectangle":{"singleTextureOpacity":1,"textXHeight":0.53018724637681158,"textBaseline":0.76794211598035067,"isBackgroundTexture":true,"isVerticalText":false,"textColor":[0.99990898370742798,1,0.99987810850143433,1],"textureType":6},"initialState":{"affineTransform":[1,0,0,1,0,0],"masksToBounds":false,"rotation":0,"scale":1,"position":{"pointX":865,"pointY":152.53199768066406},"width":916,"sublayerTransform":[1,0,0,0,0,1,0,0,0,0,1,0,0,0,0,1],"contentsRect":{"y":0,"x":0,"width":1,"height":1},"opacity":1,"edgeAntialiasingMask":0,"height":69,"hidden":false,"anchorPoint":{"pointX":0.50033028429662052,"pointY":-1.1261507717326262}},"texture":"CF8E4BDD0744F490D169E12D06EF9F9F"}]},{"animations":[{"additive":false,"timeOffset":0,"beginTime":0,"repeatCount":0,"fillMode":"both","duration":1,"autoreverses":false,"animations":[{"repeatCount":0,"removedOnCompletion":true,"from":{"scalar":0.0030000000000000001},"timingFunction":"EaseInEaseOut","additive":false,"timeOffset":0,"autoreverses":false,"property":"zPosition","fillMode":"both","duration":1,"beginTime":0,"to":{"scalar":0.0030000000000000001}}],"removedOnCompletion":false}],"initialState":{"affineTransform":[1,0,0,1,0,0],"masksToBounds":false,"rotation":0,"scale":1,"position":{"pointX":973.30254041570436,"pointY":284.29559675044879},"width":1730,"sublayerTransform":[1,0,0,0,0,1,0,0,0,0,1,0,0,0,0,1],"contentsRect":{"y":0,"x":0,"width":1,"height":1},"opacity":1,"edgeAntialiasingMask":251658240,"height":305.06399536132818,"hidden":false,"anchorPoint":{"pointX":0.5,"pointY":0.5}},"layers":[{"animations":[{"additive":false,"timeOffset":0,"beginTime":0,"repeatCount":0,"fillMode":"both","duration":1,"autoreverses":false,"animations":[{"repeatCount":0,"removedOnCompletion":true,"from":{"texture":"DF4A1ABE0CA3332864506E8F34111A91"},"timingFunction":"EaseInEaseOut","additive":false,"timeOffset":0,"autoreverses":false,"property":"contents","fillMode":"both","duration":1,"beginTime":0,"to":{"texture":"DF4A1ABE0CA3332864506E8F34111A91"}}],"removedOnCompletion":false}],"layers":[],"texturedRectangle":{"singleTextureOpacity":1,"textXHeight":0.53018724637681158,"textBaseline":0.75878961726477012,"isBackgroundTexture":true,"isVerticalText":false,"textColor":[0.99990898370742798,1,0.99987810850143433,1],"textureType":6},"initialState":{"affineTransform":[1,0,0,1,0,0],"masksToBounds":false,"rotation":0,"scale":1,"position":{"pointX":865,"pointY":152.53199768066406},"width":1710,"sublayerTransform":[1,0,0,0,0,1,0,0,0,0,1,0,0,0,0,1],"contentsRect":{"y":0,"x":0,"width":1,"height":1},"opacity":1,"edgeAntialiasingMask":0,"height":69,"hidden":false,"anchorPoint":{"pointX":0.49842253825479788,"pointY":1.8738492282673738}},"texture":"DF4A1ABE0CA3332864506E8F34111A91"}]},{"animations":[{"additive":false,"timeOffset":0,"beginTime":0,"repeatCount":0,"fillMode":"both","duration":1,"autoreverses":false,"animations":[{"repeatCount":0,"removedOnCompletion":true,"from":{"scalar":0.0040000000000000001},"timingFunction":"EaseInEaseOut","additive":false,"timeOffset":0,"autoreverses":false,"property":"zPosition","fillMode":"both","duration":1,"beginTime":0,"to":{"scalar":0.0040000000000000001}}],"removedOnCompletion":false}],"initialState":{"affineTransform":[1,0,0,1,0,0],"masksToBounds":false,"rotation":0,"scale":1,"position":{"pointX":973.30254041570436,"pointY":284.29559675044879},"width":1730,"sublayerTransform":[1,0,0,0,0,1,0,0,0,0,1,0,0,0,0,1],"contentsRect":{"y":0,"x":0,"width":1,"height":1},"opacity":1,"edgeAntialiasingMask":251658240,"height":305.06399536132818,"hidden":false,"anchorPoint":{"pointX":0.5,"pointY":0.5}},"layers":[{"animations":[{"additive":false,"timeOffset":0,"beginTime":0,"repeatCount":0,"fillMode":"both","duration":1,"autoreverses":false,"animations":[{"repeatCount":0,"removedOnCompletion":true,"from":{"texture":"4C464120E8927592D9F3A3E762A3111D"},"timingFunction":"EaseInEaseOut","additive":false,"timeOffset":0,"autoreverses":false,"property":"contents","fillMode":"both","duration":1,"beginTime":0,"to":{"texture":"4C464120E8927592D9F3A3E762A3111D"}}],"removedOnCompletion":false}],"layers":[],"texturedRectangle":{"singleTextureOpacity":1,"textXHeight":0.53018724637681158,"textBaseline":0.7618404501699636,"isBackgroundTexture":true,"isVerticalText":false,"textColor":[0.99990898370742798,1,0.99987810850143433,1],"textureType":6},"initialState":{"affineTransform":[1,0,0,1,0,0],"masksToBounds":false,"rotation":0,"scale":1,"position":{"pointX":865,"pointY":152.53199768066406},"width":1664,"sublayerTransform":[1,0,0,0,0,1,0,0,0,0,1,0,0,0,0,1],"contentsRect":{"y":0,"x":0,"width":1,"height":1},"opacity":1,"edgeAntialiasingMask":0,"height":69,"hidden":false,"anchorPoint":{"pointX":0.49958085361520693,"pointY":0.87384922826737388}},"texture":"4C464120E8927592D9F3A3E762A3111D"}]},{"animations":[{"additive":false,"timeOffset":0,"beginTime":0,"repeatCount":0,"fillMode":"both","duration":1,"autoreverses":false,"animations":[{"repeatCount":0,"removedOnCompletion":true,"from":{"scalar":0.0050000000000000001},"timingFunction":"EaseInEaseOut","additive":false,"timeOffset":0,"autoreverses":false,"property":"zPosition","fillMode":"both","duration":1,"beginTime":0,"to":{"scalar":0.0050000000000000001}}],"removedOnCompletion":false}],"initialState":{"affineTransform":[1,0,0,1,0,0],"masksToBounds":false,"rotation":0,"scale":1,"position":{"pointX":973.30254055394084,"pointY":539.9999999256662},"width":1365.8639907836914,"sublayerTransform":[1,0,0,0,0,1,0,0,0,0,1,0,0,0,0,1],"contentsRect":{"y":0,"x":0,"width":1,"height":1},"opacity":1,"edgeAntialiasingMask":251658240,"height":63.656008243560791,"hidden":false,"anchorPoint":{"pointX":0.5,"pointY":0.5}},"layers":[{"animations":[{"additive":false,"timeOffset":0,"beginTime":0,"repeatCount":0,"fillMode":"both","duration":1,"autoreverses":false,"animations":[{"repeatCount":0,"removedOnCompletion":true,"from":{"texture":"1937937BB3A3CA35C139DE4791FE2B04"},"timingFunction":"EaseInEaseOut","additive":false,"timeOffset":0,"autoreverses":false,"property":"contents","fillMode":"both","duration":1,"beginTime":0,"to":{"texture":"1937937BB3A3CA35C139DE4791FE2B04"}}],"removedOnCompletion":false}],"layers":[],"texturedRectangle":{"singleTextureOpacity":1,"textXHeight":0.50644897959183677,"textBaseline":0.74702295326807766,"isBackgroundTexture":true,"isVerticalText":false,"textColor":[0.99990898370742798,1,0.99987810850143433,1],"textureType":6},"initialState":{"affineTransform":[1,0,0,1,0,0],"masksToBounds":false,"rotation":0,"scale":1,"position":{"pointX":682.93199999999979,"pointY":31.8280029296875},"width":1343,"sublayerTransform":[1,0,0,0,0,1,0,0,0,0,1,0,0,0,0,1],"contentsRect":{"y":0,"x":0,"width":1,"height":1},"opacity":1,"edgeAntialiasingMask":0,"height":49,"hidden":false,"anchorPoint":{"pointX":0.50580978790922926,"pointY":0.38775507619537358}},"texture":"1937937BB3A3CA35C139DE4791FE2B04"}]},{"animations":[{"additive":false,"timeOffset":0,"beginTime":0,"repeatCount":0,"fillMode":"both","duration":1,"autoreverses":false,"animations":[{"repeatCount":0,"removedOnCompletion":true,"from":{"scalar":0.0060000000000000001},"timingFunction":"EaseInEaseOut","additive":false,"timeOffset":0,"autoreverses":false,"property":"zPosition","fillMode":"both","duration":1,"beginTime":0,"to":{"scalar":0.0060000000000000001}}],"removedOnCompletion":false}],"initialState":{"affineTransform":[1,0,0,1,0,0],"masksToBounds":false,"rotation":0,"scale":1,"position":{"pointX":278.16352889475837,"pointY":842.670864303803},"width":238.05146915285354,"sublayerTransform":[1,0,0,0,0,1,0,0,0,0,1,0,0,0,0,1],"contentsRect":{"y":0,"x":0,"width":1,"height":1},"opacity":1,"edgeAntialiasingMask":251658240,"height":194.90717441663321,"hidden":false,"anchorPoint":{"pointX":0.5,"pointY":0.5}},"layers":[{"animations":[{"additive":false,"timeOffset":0,"beginTime":0,"repeatCount":0,"fillMode":"both","duration":1,"autoreverses":false,"animations":[{"repeatCount":0,"removedOnCompletion":true,"from":{"scalar":0},"timingFunction":"EaseInEaseOut","additive":false,"timeOffset":0,"autoreverses":false,"property":"opacity","fillMode":"both","duration":0.33329999999999999,"beginTime":0.66670000000000007,"to":{"scalar":1}},{"additive":false,"timeOffset":0,"beginTime":0.66670000000000007,"from":{"scalar":false},"repeatCount":0,"fillMode":"forwards","duration":0.33329999999999993,"autoreverses":false,"property":"hidden","to":{"scalar":false},"removedOnCompletion":true}],"removedOnCompletion":false}],"layers":[],"texturedRectangle":{"singleTextureOpacity":1,"textXHeight":0,"shapePath":{"lineWidth":1,"flatness":0.59999999999999998,"lineCapStyle":0,"elements":[{"type":"MoveToPoint","points":[[200.18914465972944,1.2391990959856685]]},{"type":"AddCurve","points":[[199.9075272165494,1.2856735405061954],[199.62775973333879,1.4027771962616953],[199.38982513913675,1.6109756171915706]]},{"type":"AddCurve","points":[[195.04747537145181,5.5369356811258967],[191.42265369485187,11.541127093443606],[189.81657971808477,16.53780294360854]]},{"type":"AddCurve","points":[[189.40019001433416,17.846456298253315],[188.57114740700285,18.928323595592701],[187.38144350418611,19.642136895677822]]},{"type":"AddCurve","points":[[178.81571245560212,24.638813340685147],[179.47002604639096,38.669661035523177],[175.48459482559724,50.982897633335369]]},{"type":"AddCurve","points":[[172.15347719559236,61.154703253528851],[158.65804836521909,65.076921758553794],[150.09225842723413,68.289094695470112]]},{"type":"AddCurve","points":[[141.52652737865014,71.560728082082051],[81.685364249129719,94.941767776939628],[81.685378525348142,150.61900531651713]]},{"type":"AddCurve","points":[[80.257756683917478,175.54290270331842],[70.491167247195676,179.95220912505124],[51.218292612524465,179.95217283966281]]},{"type":"AddCurve","points":[[31.945398348052919,179.95217283966281],[18.981577226670225,161.97303826497534],[14.877137664647535,154.00217165949084]]},{"type":"AddCurve","points":[[9.8209769762472661,144.06830360771164],[-2.4365205061359916,149.61157184262015],[2.1437918133453877,159.4858753472779]]},{"type":"AddCurve","points":[[5.8318149037079365,167.39728031338188],[21.94833126188081,196.12445627085901],[52.761165175528959,196.12445151211955]]},{"type":"AddCurve","points":[[77.328158291657417,196.12445151211955],[89.343944525225595,189.46967617107373],[93.210450682731107,186.79286082985141]]},{"type":"AddCurve","points":[[93.983745846839383,186.25750263931491],[95.058206761033944,186.4247295030807],[95.534053940267995,187.25758148135878]]},{"type":"AddCurve","points":[[98.270329136343435,191.77838397922255],[102.84687134447853,196.12445448633173],[108.67635396489663,196.12445151211955]]},{"type":"AddCurve","points":[[108.67635396489663,196.12445151211955],[163.23829822624486,196.12445151211955],[167.34268901118799,196.12445151211955]]},{"type":"AddCurve","points":[[171.44710180530114,196.12445151211955],[173.76326179946227,194.15401156118855],[173.94172226259275,190.28756012918689]]},{"type":"AddCurve","points":[[174.12017499277158,186.89695825578906],[172.02705592795178,183.03796198401187],[167.26833370694681,183.0379179656718]]},{"type":"AddCurve","points":[[158.28621295461221,183.0379179656718],[154.95510841114088,173.46098154731726],[162.21217301854654,168.76169955136515]]},{"type":"AddCurve","points":[[168.10111311444803,164.89522373082377],[174.59981964610381,160.49336295183639],[181.02406499156518,155.6751660049174]]},{"type":"AddCurve","points":[[181.67839166888757,155.19929205777385],[182.55572120563551,155.55618324191312],[182.73423698911233,156.27000843884684]]},{"type":"AddCurve","points":[[186.06535461911722,170.96261596206159],[192.86149545427133,196.12443485653137],[200.35644409427209,196.12445151211955]]},{"type":"AddCurve","points":[[210.94464001305857,196.12445151211955],[207.89977424363656,196.12445151211955],[212.12317099043889,196.12445151211955]]},{"type":"AddCurve","points":[[216.34655227133794,196.12445151211955],[218.7221709306674,194.03504783314202],[218.72220424184366,189.99013891222216]]},{"type":"AddCurve","points":[[218.72220424184366,186.4210843086455],[216.29827485940018,183.16064526179775],[211.36102912196679,182.38730905356147]]},{"type":"AddCurve","points":[[209.16011211642785,182.0304035932038],[207.308660282083,180.48008836166605],[206.71382260689302,178.27917849423625]]},{"type":"AddCurve","points":[[204.2749686277823,169.65396320225932],[203.21172644189164,153.76793579554305],[203.92549869784875,136.6959745973561]]},{"type":"AddCurve","points":[[203.9849829412417,135.74422670306899],[204.33441896515654,134.91891197327118],[204.92929530510469,134.20507190527655]]},{"type":"AddCurve","points":[[214.56574213991928,123.43842385115363],[221.28744379804891,111.48210461054782],[221.28746223816438,98.811947086474675]]},{"type":"AddCurve","points":[[221.28746223816438,80.907189230356039],[212.59904969632197,75.854722513470392],[217.47675289580388,57.414631450197476]]},{"type":"AddCurve","points":[[219.61818565794988,49.38425859214999],[226.15770135478544,48.008691412112512],[226.1577346659617,48.008685463688153]]},{"type":"AddCurve","points":[[226.1577346659617,48.008685463688153],[238.71637469957631,49.551546129843928],[237.34820795425935,36.167603263280171]]},{"type":"AddCurve","points":[[237.28872371086641,35.632245072743672],[237.40398394991917,35.100593940255408],[237.70139564940496,34.624730700275677]]},{"type":"AddCurve","points":[[238.53417505690618,33.672982805988568],[238.89481791227627,32.721231342646888],[239.13273525604768,31.947939747593182]]},{"type":"AddCurve","points":[[239.37067222961946,30.996191853306073],[238.83532355656189,30.037022109970849],[237.94305038818879,29.680102968237179]]},{"type":"AddCurve","points":[[234.31451154121919,28.252481126806515],[228.36608660708231,25.110939185652569],[223.96425319084688,19.995324590823429]]},{"type":"AddCurve","points":[[220.33571434387727,15.712459066531437],[211.1193833058195,15.355550037119201],[206.36063491174741,15.534006336352604]]},{"type":"AddCurve","points":[[204.75456034013791,15.593490579745549],[203.37525992898509,14.33317769033647],[203.25630095967813,12.727093601248043]]},{"type":"AddCurve","points":[[203.13733247289224,11.180503273031491],[202.60198379983473,6.6002153420898821],[202.06661609181924,2.6147722244475062]]},{"type":"AddCurve","points":[[201.93277654418512,1.6332822084639247],[201.03399758411217,1.0997757624242013],[200.18914465972944,1.2391990959856685]]},{"type":"CloseSubpath"},{"type":"MoveToPoint","points":[[200.18914465972944,1.2391990959856685]]}],"windingRule":0,"lineJoinStyle":0,"miterLimit":10},"isBackgroundTexture":true,"textBaseline":0,"isVerticalText":false,"textureType":5},"initialState":{"affineTransform":[1,0,0,1,0,0],"masksToBounds":false,"rotation":0,"scale":1,"position":{"pointX":119.02573394775391,"pointY":97.453582763671875},"width":241,"sublayerTransform":[1,0,0,0,0,1,0,0,0,0,1,0,0,0,0,1],"contentsRect":{"y":0,"x":0,"width":1,"height":1},"opacity":1,"edgeAntialiasingMask":0,"height":198,"hidden":true,"anchorPoint":{"pointX":0.49860385172649591,"pointY":0.49833767605635459}},"texture":"FFEA61B63929B9571AF7D015A9BADCE2"}]},{"animations":[{"additive":false,"timeOffset":0,"beginTime":0,"repeatCount":0,"fillMode":"both","duration":1,"autoreverses":false,"animations":[{"repeatCount":0,"removedOnCompletion":true,"from":{"scalar":0.0070000000000000001},"timingFunction":"EaseInEaseOut","additive":false,"timeOffset":0,"autoreverses":false,"property":"zPosition","fillMode":"both","duration":1,"beginTime":0,"to":{"scalar":0.0070000000000000001}}],"removedOnCompletion":false}],"initialState":{"affineTransform":[1,0,0,1,0,0],"masksToBounds":false,"rotation":0,"scale":1,"position":{"pointX":1555.6086723843873,"pointY":842.67086417689507},"width":230.47624279351317,"sublayerTransform":[1,0,0,0,0,1,0,0,0,0,1,0,0,0,0,1],"contentsRect":{"y":0,"x":0,"width":1,"height":1},"opacity":1,"edgeAntialiasingMask":251658240,"height":188.70486844530649,"hidden":false,"anchorPoint":{"pointX":0.5,"pointY":0.5}},"layers":[{"animations":[{"additive":false,"timeOffset":0,"beginTime":0,"repeatCount":0,"fillMode":"both","duration":1,"autoreverses":false,"animations":[{"repeatCount":0,"removedOnCompletion":true,"from":{"scalar":0},"timingFunction":"EaseInEaseOut","additive":false,"timeOffset":0,"autoreverses":false,"property":"opacity","fillMode":"both","duration":0.33329999999999999,"beginTime":0.66670000000000007,"to":{"scalar":1}},{"additive":false,"timeOffset":0,"beginTime":0.66670000000000007,"from":{"scalar":false},"repeatCount":0,"fillMode":"forwards","duration":0.33329999999999993,"autoreverses":false,"property":"hidden","to":{"scalar":false},"removedOnCompletion":true}],"removedOnCompletion":false}],"layers":[],"texturedRectangle":{"singleTextureOpacity":1,"textXHeight":0,"shapePath":{"lineWidth":1,"flatness":0.59999999999999998,"lineCapStyle":0,"elements":[{"type":"MoveToPoint","points":[[39.129615948550736,1.3396543564069816]]},{"type":"AddCurve","points":[[39.402264445644278,1.3846498951301101],[39.673137818763962,1.4980270879930231],[39.903499699212944,1.6996002346764953]]},{"type":"AddCurve","points":[[44.107661137732748,5.5006290188334788],[47.617133960503224,11.31375547004609],[49.172107410632407,16.151428056138684]]},{"type":"AddCurve","points":[[49.575236307546902,17.418436941430627],[50.377908702458399,18.465877513655869],[51.529753255673086,19.156976265090634]]},{"type":"AddCurve","points":[[59.822903980230649,23.99464994965092],[59.189413202867172,37.579008841101313],[63.048023032971059,49.500412872304878]]},{"type":"AddCurve","points":[[66.27314208571147,59.348536027751834],[79.3391090623943,63.145938838712027],[87.632330088891422,66.25589420484539]]},{"type":"AddCurve","points":[[95.925480813448985,69.423418065776787],[153.86239009609722,92.060429355024098],[153.86238130835477,145.96591227339741]]},{"type":"AddCurve","points":[[155.24457016653355,170.09669023204697],[164.70036997364173,174.36568719250135],[183.35994592228258,174.36565204153521]]},{"type":"AddCurve","points":[[202.01954164334393,174.36565204153521],[214.57083141592102,156.95864755156435],[218.54466063262248,149.24142869005664]]},{"type":"AddCurve","points":[[223.43992528797412,139.62366739121717],[235.30736749819243,144.99054326490659],[230.87280895959952,154.5506306160496]]},{"type":"AddCurve","points":[[227.3021452325213,162.21027219501775],[211.69848420048265,190.02329839954837],[181.86617031053925,190.02329839954837]]},{"type":"AddCurve","points":[[158.08094585674166,190.02329839954837],[146.44752150244653,183.58028448518235],[142.70405746159736,180.98865647802813]]},{"type":"AddCurve","points":[[141.9553681685245,180.47032033130745],[140.91509279338948,180.63222568135461],[140.45439539571885,181.43858884463771]]},{"type":"AddCurve","points":[[137.80518983184334,185.81551684662918],[133.37427827501938,190.02329839954837],[127.73030675110999,190.02329839954837]]},{"type":"AddCurve","points":[[127.73030675110999,190.02329839954837],[74.904620894395293,190.02329839954837],[70.93083891180936,190.02329839954837]]},{"type":"AddCurve","points":[[66.957039353738537,190.02329839954837],[64.714583236664794,188.11555001415763],[64.54179864471439,184.37214787493212]]},{"type":"AddCurve","points":[[64.369014052763987,181.08943429795545],[66.395537762483173,177.35323810678892],[71.002828097917472,177.35320295582278]]},{"type":"AddCurve","points":[[79.69912529487442,177.35320295582278],[82.924226772129941,168.08101080511915],[75.898092753269111,163.53128065357669]]},{"type":"AddCurve","points":[[70.196552728603592,159.78784336338504],[63.904634591008971,155.52605235098963],[57.68482866791669,150.8611852098511]]},{"type":"AddCurve","points":[[57.051320315068324,150.40044392115306],[56.201914705835179,150.74597791832275],[56.029077387430107,151.43709863911135]]},{"type":"AddCurve","points":[[52.803958334689696,165.66214979654978],[46.224083452662626,190.0232808240653],[38.967640279807483,190.02329839954837]]},{"type":"AddCurve","points":[[28.716369632721353,190.02329839954837],[31.664340864236465,190.02329839954837],[27.575351578198706,190.02329839954837]]},{"type":"AddCurve","points":[[23.486362292160948,190.02329839954837],[21.186346462073516,188.00037787359543],[21.186311311103736,184.084191160302]]},{"type":"AddCurve","points":[[21.186311311103736,180.62871058474047],[23.533095506482596,177.47201322138062],[28.313240735806858,176.72329764256938]]},{"type":"AddCurve","points":[[30.444110099316049,176.37774606991661],[32.23665137869898,174.87676466471385],[32.812564867563879,172.74589552174075]]},{"type":"AddCurve","points":[[35.173813687006941,164.39515079746707],[36.203209836995256,149.0146346565125],[35.512159346618091,132.48593856977459]]},{"type":"AddCurve","points":[[35.454564482634623,131.5644823556031],[35.116253973993253,130.76543059327742],[34.540305334158575,130.07430108474728]]},{"type":"AddCurve","points":[[25.21049978435326,119.6502732877816],[18.702701965858751,108.07442742003695],[18.702684390373861,95.807452043762169]]},{"type":"AddCurve","points":[[18.702684390373861,78.472463095673447],[27.114610241815853,73.580771163895406],[22.392130178414618,55.727476826181373]]},{"type":"AddCurve","points":[[20.318838103404005,47.952645531167946],[13.987427851262282,46.620854513745144],[13.987392700292503,46.620845726003608]]},{"type":"AddCurve","points":[[13.987392700292503,46.620845726003608],[1.828391045856506,48.114612395405857],[3.1530201910215965,35.156571221727063]]},{"type":"AddCurve","points":[[3.2106150550050643,34.638248256618681],[3.0990107259556225,34.123515083927487],[2.8110715570080629,33.662795764583279]]},{"type":"AddCurve","points":[[2.0047961876941827,32.741335156541027],[1.6556240293909923,31.819870154628006],[1.4252797244269004,31.071185332912137]]},{"type":"AddCurve","points":[[1.1949178439779189,30.149724724869884],[1.7132188933744601,29.221075744251721],[2.5771067021566978,28.875515383857419]]},{"type":"AddCurve","points":[[6.0901824993295577,27.493322274858656],[11.849317387978545,24.45175091641795],[16.111073690481817,19.49892486371391]]},{"type":"AddCurve","points":[[19.624149487654677,15.352347733653005],[28.547188015173333,15.006796161000238],[33.154513501577412,15.179574144262006]]},{"type":"AddCurve","points":[[34.709469376221705,15.237165706881569],[36.044889869109056,14.01695813607148],[36.160062021591102,12.461982649940182]]},{"type":"AddCurve","points":[[36.275234174073148,10.964607514169984],[36.793552798954579,6.5300731202451061],[37.3118889993209,2.6714542152074046]]},{"type":"AddCurve","points":[[37.44147304941248,1.721197002004601],[38.311635306300332,1.2046677316557179],[39.129615948550736,1.3396543564069816]]},{"type":"CloseSubpath"},{"type":"MoveToPoint","points":[[39.129615948550736,1.3396543564069816]]}],"windingRule":0,"lineJoinStyle":0,"miterLimit":10},"isBackgroundTexture":true,"textBaseline":0,"isVerticalText":false,"textureType":5},"initialState":{"affineTransform":[1,0,0,1,0,0],"masksToBounds":false,"rotation":0,"scale":1,"position":{"pointX":115.23812177329364,"pointY":94.352432251342975},"width":233,"sublayerTransform":[1,0,0,0,0,1,0,0,0,0,1,0,0,0,0,1],"contentsRect":{"y":0,"x":0,"width":1,"height":1},"opacity":1,"edgeAntialiasingMask":0,"height":192,"hidden":true,"anchorPoint":{"pointX":0.5004664066992458,"pointY":0.49828574065408776}},"texture":"F35BDCA9E0A6280D0611243CE9535EAC"}]}]},"effects":[],"duration":1,"type":"transition","attributes":{"direction":0},"name":"apple:magic-move-implied-motion-path","objectID":"0"}],"automaticPlay":false,"hyperlinks":[],"accessibility":[{"text":"Sending this key over the same public channel is not an option ","targetRectangle":{"y":512.17199580388581,"x":294.37054516209508,"width":1356.8639999999996,"height":55.656005859375}},{"text":"Let’s say Alice and Bob want to communicate securely over a public network. Alice will encrypt her message using a key and send it to Bob, who will decrypt the message using the same key.","targetRectangle":{"y":138.76359906978476,"x":117.28343959574691,"width":1730.294281644874,"height":291.57899006274226}}],"baseLayer":{"animations":[],"initialState":{"affineTransform":[1,0,0,1,0,0],"masksToBounds":false,"rotation":0,"scale":1,"position":{"pointX":960,"pointY":540},"width":1920,"sublayerTransform":[1,0,0,0,0,1,0,0,0,0,1,0,0,0,0,1],"contentsRect":{"y":0,"x":0,"width":1,"height":1},"opacity":1,"edgeAntialiasingMask":251658240,"height":1080,"hidden":false,"anchorPoint":{"pointX":0.5,"pointY":0.5}},"objectID":"0","layers":[{"animations":[],"initialState":{"affineTransform":[1,0,0,1,0,0],"masksToBounds":false,"rotation":0,"scale":1,"position":{"pointX":960,"pointY":540},"width":1920,"sublayerTransform":[1,0,0,0,0,1,0,0,0,0,1,-0.00035007912466775983,0,0,0,1],"contentsRect":{"y":0,"x":0,"width":1,"height":1},"opacity":1,"edgeAntialiasingMask":251658240,"height":1080,"hidden":false,"anchorPoint":{"pointX":0.5,"pointY":0.5}},"layers":[{"animations":[],"initialState":{"affineTransform":[1,0,0,1,0,0],"masksToBounds":false,"rotation":0,"scale":1,"position":{"pointX":960,"pointY":540},"width":1920,"sublayerTransform":[1,0,0,0,0,1,0,0,0,0,1,0,0,0,0,1],"contentsRect":{"y":0,"x":0,"width":1,"height":1},"opacity":1,"edgeAntialiasingMask":251658240,"height":1080,"hidden":false,"anchorPoint":{"pointX":0.5,"pointY":0.5}},"layers":[{"animations":[],"layers":[],"texturedRectangle":{"isBackgroundTexture":true,"singleTextureOpacity":1,"textureType":1,"textBaseline":0,"textXHeight":0,"isVerticalText":false},"initialState":{"affineTransform":[1,0,0,1,0,0],"masksToBounds":false,"rotation":0,"scale":1,"position":{"pointX":960,"pointY":540},"width":1920,"sublayerTransform":[1,0,0,0,0,1,0,0,0,0,1,0,0,0,0,1],"contentsRect":{"y":0,"x":0,"width":1,"height":1},"opacity":1,"edgeAntialiasingMask":0,"height":1080,"hidden":false,"anchorPoint":{"pointX":0.5,"pointY":0.5}},"texture":"5BA6DF7ACEF516F7DAB78587CF30CE20"}]}]},{"animations":[],"initialState":{"affineTransform":[1,0,0,1,0,0],"masksToBounds":false,"rotation":0,"scale":1,"position":{"pointX":973.30254041570436,"pointY":284.29559675044879},"width":1730,"sublayerTransform":[1,0,0,0,0,1,0,0,0,0,1,0,0,0,0,1],"contentsRect":{"y":0,"x":0,"width":1,"height":1},"opacity":1,"edgeAntialiasingMask":251658240,"height":305.06399536132818,"hidden":false,"anchorPoint":{"pointX":0.5,"pointY":0.5}},"layers":[{"animations":[],"layers":[],"texturedRectangle":{"singleTextureOpacity":1,"textXHeight":0.53018724637681158,"textBaseline":0.76489128307515697,"isBackgroundTexture":true,"isVerticalText":false,"textColor":[0.99990898370742798,1,0.99987810850143433,1],"textureType":6},"initialState":{"affineTransform":[1,0,0,1,0,0],"masksToBounds":false,"rotation":0,"scale":1,"position":{"pointX":865,"pointY":152.53199768066406},"width":1614,"sublayerTransform":[1,0,0,0,0,1,0,0,0,0,1,0,0,0,0,1],"contentsRect":{"y":0,"x":0,"width":1,"height":1},"opacity":1,"edgeAntialiasingMask":0,"height":69,"hidden":false,"anchorPoint":{"pointX":0.49894829022038684,"pointY":-0.12615077173262618}},"texture":"83F9BC4245FF6CA5A95339B1E4DB0291"}]},{"animations":[],"initialState":{"affineTransform":[1,0,0,1,0,0],"masksToBounds":false,"rotation":0,"scale":1,"position":{"pointX":973.30254041570436,"pointY":284.29559675044879},"width":1730,"sublayerTransform":[1,0,0,0,0,1,0,0,0,0,1,0,0,0,0,1],"contentsRect":{"y":0,"x":0,"width":1,"height":1},"opacity":1,"edgeAntialiasingMask":251658240,"height":305.06399536132818,"hidden":false,"anchorPoint":{"pointX":0.5,"pointY":0.5}},"layers":[{"animations":[],"layers":[],"texturedRectangle":{"singleTextureOpacity":1,"textXHeight":0.53018724637681158,"textBaseline":0.76794211598035067,"isBackgroundTexture":true,"isVerticalText":false,"textColor":[0.99990898370742798,1,0.99987810850143433,1],"textureType":6},"initialState":{"affineTransform":[1,0,0,1,0,0],"masksToBounds":false,"rotation":0,"scale":1,"position":{"pointX":865,"pointY":152.53199768066406},"width":916,"sublayerTransform":[1,0,0,0,0,1,0,0,0,0,1,0,0,0,0,1],"contentsRect":{"y":0,"x":0,"width":1,"height":1},"opacity":1,"edgeAntialiasingMask":0,"height":69,"hidden":false,"anchorPoint":{"pointX":0.50033028429662052,"pointY":-1.1261507717326262}},"texture":"CF8E4BDD0744F490D169E12D06EF9F9F"}]},{"animations":[],"initialState":{"affineTransform":[1,0,0,1,0,0],"masksToBounds":false,"rotation":0,"scale":1,"position":{"pointX":973.30254041570436,"pointY":284.29559675044879},"width":1730,"sublayerTransform":[1,0,0,0,0,1,0,0,0,0,1,0,0,0,0,1],"contentsRect":{"y":0,"x":0,"width":1,"height":1},"opacity":1,"edgeAntialiasingMask":251658240,"height":305.06399536132818,"hidden":false,"anchorPoint":{"pointX":0.5,"pointY":0.5}},"layers":[{"animations":[],"layers":[],"texturedRectangle":{"singleTextureOpacity":1,"textXHeight":0.53018724637681158,"textBaseline":0.75878961726477012,"isBackgroundTexture":true,"isVerticalText":false,"textColor":[0.99990898370742798,1,0.99987810850143433,1],"textureType":6},"initialState":{"affineTransform":[1,0,0,1,0,0],"masksToBounds":false,"rotation":0,"scale":1,"position":{"pointX":865,"pointY":152.53199768066406},"width":1710,"sublayerTransform":[1,0,0,0,0,1,0,0,0,0,1,0,0,0,0,1],"contentsRect":{"y":0,"x":0,"width":1,"height":1},"opacity":1,"edgeAntialiasingMask":0,"height":69,"hidden":false,"anchorPoint":{"pointX":0.49842253825479788,"pointY":1.8738492282673738}},"texture":"DF4A1ABE0CA3332864506E8F34111A91"}]},{"animations":[],"initialState":{"affineTransform":[1,0,0,1,0,0],"masksToBounds":false,"rotation":0,"scale":1,"position":{"pointX":973.30254041570436,"pointY":284.29559675044879},"width":1730,"sublayerTransform":[1,0,0,0,0,1,0,0,0,0,1,0,0,0,0,1],"contentsRect":{"y":0,"x":0,"width":1,"height":1},"opacity":1,"edgeAntialiasingMask":251658240,"height":305.06399536132818,"hidden":false,"anchorPoint":{"pointX":0.5,"pointY":0.5}},"layers":[{"animations":[],"layers":[],"texturedRectangle":{"singleTextureOpacity":1,"textXHeight":0.53018724637681158,"textBaseline":0.7618404501699636,"isBackgroundTexture":true,"isVerticalText":false,"textColor":[0.99990898370742798,1,0.99987810850143433,1],"textureType":6},"initialState":{"affineTransform":[1,0,0,1,0,0],"masksToBounds":false,"rotation":0,"scale":1,"position":{"pointX":865,"pointY":152.53199768066406},"width":1664,"sublayerTransform":[1,0,0,0,0,1,0,0,0,0,1,0,0,0,0,1],"contentsRect":{"y":0,"x":0,"width":1,"height":1},"opacity":1,"edgeAntialiasingMask":0,"height":69,"hidden":false,"anchorPoint":{"pointX":0.49958085361520693,"pointY":0.87384922826737388}},"texture":"4C464120E8927592D9F3A3E762A3111D"}]},{"animations":[],"initialState":{"affineTransform":[1,0,0,1,0,0],"masksToBounds":false,"rotation":0,"scale":1,"position":{"pointX":973.30254055394084,"pointY":539.9999999256662},"width":1365.8639907836914,"sublayerTransform":[1,0,0,0,0,1,0,0,0,0,1,0,0,0,0,1],"contentsRect":{"y":0,"x":0,"width":1,"height":1},"opacity":1,"edgeAntialiasingMask":251658240,"height":63.656008243560791,"hidden":false,"anchorPoint":{"pointX":0.5,"pointY":0.5}},"layers":[{"animations":[],"layers":[],"texturedRectangle":{"singleTextureOpacity":1,"textXHeight":0.50644897959183677,"textBaseline":0.74702295326807766,"isBackgroundTexture":true,"isVerticalText":false,"textColor":[0.99990898370742798,1,0.99987810850143433,1],"textureType":6},"initialState":{"affineTransform":[1,0,0,1,0,0],"masksToBounds":false,"rotation":0,"scale":1,"position":{"pointX":682.93199999999979,"pointY":31.8280029296875},"width":1343,"sublayerTransform":[1,0,0,0,0,1,0,0,0,0,1,0,0,0,0,1],"contentsRect":{"y":0,"x":0,"width":1,"height":1},"opacity":1,"edgeAntialiasingMask":0,"height":49,"hidden":false,"anchorPoint":{"pointX":0.50580978790922926,"pointY":0.38775507619537358}},"texture":"1937937BB3A3CA35C139DE4791FE2B04"}]},{"animations":[],"initialState":{"affineTransform":[1,0,0,1,0,0],"masksToBounds":false,"rotation":0,"scale":1,"position":{"pointX":278.16352889475837,"pointY":842.670864303803},"width":238.05146915285354,"sublayerTransform":[1,0,0,0,0,1,0,0,0,0,1,0,0,0,0,1],"contentsRect":{"y":0,"x":0,"width":1,"height":1},"opacity":1,"edgeAntialiasingMask":251658240,"height":194.90717441663321,"hidden":false,"anchorPoint":{"pointX":0.5,"pointY":0.5}},"layers":[{"animations":[],"layers":[],"texturedRectangle":{"singleTextureOpacity":1,"textXHeight":0,"shapePath":{"lineWidth":1,"flatness":0.59999999999999998,"lineCapStyle":0,"elements":[{"type":"MoveToPoint","points":[[200.18914465972944,1.2391990959856685]]},{"type":"AddCurve","points":[[199.9075272165494,1.2856735405061954],[199.62775973333879,1.4027771962616953],[199.38982513913675,1.6109756171915706]]},{"type":"AddCurve","points":[[195.04747537145181,5.5369356811258967],[191.42265369485187,11.541127093443606],[189.81657971808477,16.53780294360854]]},{"type":"AddCurve","points":[[189.40019001433416,17.846456298253315],[188.57114740700285,18.928323595592701],[187.38144350418611,19.642136895677822]]},{"type":"AddCurve","points":[[178.81571245560212,24.638813340685147],[179.47002604639096,38.669661035523177],[175.48459482559724,50.982897633335369]]},{"type":"AddCurve","points":[[172.15347719559236,61.154703253528851],[158.65804836521909,65.076921758553794],[150.09225842723413,68.289094695470112]]},{"type":"AddCurve","points":[[141.52652737865014,71.560728082082051],[81.685364249129719,94.941767776939628],[81.685378525348142,150.61900531651713]]},{"type":"AddCurve","points":[[80.257756683917478,175.54290270331842],[70.491167247195676,179.95220912505124],[51.218292612524465,179.95217283966281]]},{"type":"AddCurve","points":[[31.945398348052919,179.95217283966281],[18.981577226670225,161.97303826497534],[14.877137664647535,154.00217165949084]]},{"type":"AddCurve","points":[[9.8209769762472661,144.06830360771164],[-2.4365205061359916,149.61157184262015],[2.1437918133453877,159.4858753472779]]},{"type":"AddCurve","points":[[5.8318149037079365,167.39728031338188],[21.94833126188081,196.12445627085901],[52.761165175528959,196.12445151211955]]},{"type":"AddCurve","points":[[77.328158291657417,196.12445151211955],[89.343944525225595,189.46967617107373],[93.210450682731107,186.79286082985141]]},{"type":"AddCurve","points":[[93.983745846839383,186.25750263931491],[95.058206761033944,186.4247295030807],[95.534053940267995,187.25758148135878]]},{"type":"AddCurve","points":[[98.270329136343435,191.77838397922255],[102.84687134447853,196.12445448633173],[108.67635396489663,196.12445151211955]]},{"type":"AddCurve","points":[[108.67635396489663,196.12445151211955],[163.23829822624486,196.12445151211955],[167.34268901118799,196.12445151211955]]},{"type":"AddCurve","points":[[171.44710180530114,196.12445151211955],[173.76326179946227,194.15401156118855],[173.94172226259275,190.28756012918689]]},{"type":"AddCurve","points":[[174.12017499277158,186.89695825578906],[172.02705592795178,183.03796198401187],[167.26833370694681,183.0379179656718]]},{"type":"AddCurve","points":[[158.28621295461221,183.0379179656718],[154.95510841114088,173.46098154731726],[162.21217301854654,168.76169955136515]]},{"type":"AddCurve","points":[[168.10111311444803,164.89522373082377],[174.59981964610381,160.49336295183639],[181.02406499156518,155.6751660049174]]},{"type":"AddCurve","points":[[181.67839166888757,155.19929205777385],[182.55572120563551,155.55618324191312],[182.73423698911233,156.27000843884684]]},{"type":"AddCurve","points":[[186.06535461911722,170.96261596206159],[192.86149545427133,196.12443485653137],[200.35644409427209,196.12445151211955]]},{"type":"AddCurve","points":[[210.94464001305857,196.12445151211955],[207.89977424363656,196.12445151211955],[212.12317099043889,196.12445151211955]]},{"type":"AddCurve","points":[[216.34655227133794,196.12445151211955],[218.7221709306674,194.03504783314202],[218.72220424184366,189.99013891222216]]},{"type":"AddCurve","points":[[218.72220424184366,186.4210843086455],[216.29827485940018,183.16064526179775],[211.36102912196679,182.38730905356147]]},{"type":"AddCurve","points":[[209.16011211642785,182.0304035932038],[207.308660282083,180.48008836166605],[206.71382260689302,178.27917849423625]]},{"type":"AddCurve","points":[[204.2749686277823,169.65396320225932],[203.21172644189164,153.76793579554305],[203.92549869784875,136.6959745973561]]},{"type":"AddCurve","points":[[203.9849829412417,135.74422670306899],[204.33441896515654,134.91891197327118],[204.92929530510469,134.20507190527655]]},{"type":"AddCurve","points":[[214.56574213991928,123.43842385115363],[221.28744379804891,111.48210461054782],[221.28746223816438,98.811947086474675]]},{"type":"AddCurve","points":[[221.28746223816438,80.907189230356039],[212.59904969632197,75.854722513470392],[217.47675289580388,57.414631450197476]]},{"type":"AddCurve","points":[[219.61818565794988,49.38425859214999],[226.15770135478544,48.008691412112512],[226.1577346659617,48.008685463688153]]},{"type":"AddCurve","points":[[226.1577346659617,48.008685463688153],[238.71637469957631,49.551546129843928],[237.34820795425935,36.167603263280171]]},{"type":"AddCurve","points":[[237.28872371086641,35.632245072743672],[237.40398394991917,35.100593940255408],[237.70139564940496,34.624730700275677]]},{"type":"AddCurve","points":[[238.53417505690618,33.672982805988568],[238.89481791227627,32.721231342646888],[239.13273525604768,31.947939747593182]]},{"type":"AddCurve","points":[[239.37067222961946,30.996191853306073],[238.83532355656189,30.037022109970849],[237.94305038818879,29.680102968237179]]},{"type":"AddCurve","points":[[234.31451154121919,28.252481126806515],[228.36608660708231,25.110939185652569],[223.96425319084688,19.995324590823429]]},{"type":"AddCurve","points":[[220.33571434387727,15.712459066531437],[211.1193833058195,15.355550037119201],[206.36063491174741,15.534006336352604]]},{"type":"AddCurve","points":[[204.75456034013791,15.593490579745549],[203.37525992898509,14.33317769033647],[203.25630095967813,12.727093601248043]]},{"type":"AddCurve","points":[[203.13733247289224,11.180503273031491],[202.60198379983473,6.6002153420898821],[202.06661609181924,2.6147722244475062]]},{"type":"AddCurve","points":[[201.93277654418512,1.6332822084639247],[201.03399758411217,1.0997757624242013],[200.18914465972944,1.2391990959856685]]},{"type":"CloseSubpath"},{"type":"MoveToPoint","points":[[200.18914465972944,1.2391990959856685]]}],"windingRule":0,"lineJoinStyle":0,"miterLimit":10},"isBackgroundTexture":true,"textBaseline":0,"isVerticalText":false,"textureType":5},"initialState":{"affineTransform":[1,0,0,1,0,0],"masksToBounds":false,"rotation":0,"scale":1,"position":{"pointX":119.02573394775391,"pointY":97.453582763671875},"width":241,"sublayerTransform":[1,0,0,0,0,1,0,0,0,0,1,0,0,0,0,1],"contentsRect":{"y":0,"x":0,"width":1,"height":1},"opacity":1,"edgeAntialiasingMask":0,"height":198,"hidden":true,"anchorPoint":{"pointX":0.49860385172649591,"pointY":0.49833767605635459}},"texture":"FFEA61B63929B9571AF7D015A9BADCE2"}]},{"animations":[],"initialState":{"affineTransform":[1,0,0,1,0,0],"masksToBounds":false,"rotation":0,"scale":1,"position":{"pointX":1555.6086723843873,"pointY":842.67086417689507},"width":230.47624279351317,"sublayerTransform":[1,0,0,0,0,1,0,0,0,0,1,0,0,0,0,1],"contentsRect":{"y":0,"x":0,"width":1,"height":1},"opacity":1,"edgeAntialiasingMask":251658240,"height":188.70486844530649,"hidden":false,"anchorPoint":{"pointX":0.5,"pointY":0.5}},"layers":[{"animations":[],"layers":[],"texturedRectangle":{"singleTextureOpacity":1,"textXHeight":0,"shapePath":{"lineWidth":1,"flatness":0.59999999999999998,"lineCapStyle":0,"elements":[{"type":"MoveToPoint","points":[[39.129615948550736,1.3396543564069816]]},{"type":"AddCurve","points":[[39.402264445644278,1.3846498951301101],[39.673137818763962,1.4980270879930231],[39.903499699212944,1.6996002346764953]]},{"type":"AddCurve","points":[[44.107661137732748,5.5006290188334788],[47.617133960503224,11.31375547004609],[49.172107410632407,16.151428056138684]]},{"type":"AddCurve","points":[[49.575236307546902,17.418436941430627],[50.377908702458399,18.465877513655869],[51.529753255673086,19.156976265090634]]},{"type":"AddCurve","points":[[59.822903980230649,23.99464994965092],[59.189413202867172,37.579008841101313],[63.048023032971059,49.500412872304878]]},{"type":"AddCurve","points":[[66.27314208571147,59.348536027751834],[79.3391090623943,63.145938838712027],[87.632330088891422,66.25589420484539]]},{"type":"AddCurve","points":[[95.925480813448985,69.423418065776787],[153.86239009609722,92.060429355024098],[153.86238130835477,145.96591227339741]]},{"type":"AddCurve","points":[[155.24457016653355,170.09669023204697],[164.70036997364173,174.36568719250135],[183.35994592228258,174.36565204153521]]},{"type":"AddCurve","points":[[202.01954164334393,174.36565204153521],[214.57083141592102,156.95864755156435],[218.54466063262248,149.24142869005664]]},{"type":"AddCurve","points":[[223.43992528797412,139.62366739121717],[235.30736749819243,144.99054326490659],[230.87280895959952,154.5506306160496]]},{"type":"AddCurve","points":[[227.3021452325213,162.21027219501775],[211.69848420048265,190.02329839954837],[181.86617031053925,190.02329839954837]]},{"type":"AddCurve","points":[[158.08094585674166,190.02329839954837],[146.44752150244653,183.58028448518235],[142.70405746159736,180.98865647802813]]},{"type":"AddCurve","points":[[141.9553681685245,180.47032033130745],[140.91509279338948,180.63222568135461],[140.45439539571885,181.43858884463771]]},{"type":"AddCurve","points":[[137.80518983184334,185.81551684662918],[133.37427827501938,190.02329839954837],[127.73030675110999,190.02329839954837]]},{"type":"AddCurve","points":[[127.73030675110999,190.02329839954837],[74.904620894395293,190.02329839954837],[70.93083891180936,190.02329839954837]]},{"type":"AddCurve","points":[[66.957039353738537,190.02329839954837],[64.714583236664794,188.11555001415763],[64.54179864471439,184.37214787493212]]},{"type":"AddCurve","points":[[64.369014052763987,181.08943429795545],[66.395537762483173,177.35323810678892],[71.002828097917472,177.35320295582278]]},{"type":"AddCurve","points":[[79.69912529487442,177.35320295582278],[82.924226772129941,168.08101080511915],[75.898092753269111,163.53128065357669]]},{"type":"AddCurve","points":[[70.196552728603592,159.78784336338504],[63.904634591008971,155.52605235098963],[57.68482866791669,150.8611852098511]]},{"type":"AddCurve","points":[[57.051320315068324,150.40044392115306],[56.201914705835179,150.74597791832275],[56.029077387430107,151.43709863911135]]},{"type":"AddCurve","points":[[52.803958334689696,165.66214979654978],[46.224083452662626,190.0232808240653],[38.967640279807483,190.02329839954837]]},{"type":"AddCurve","points":[[28.716369632721353,190.02329839954837],[31.664340864236465,190.02329839954837],[27.575351578198706,190.02329839954837]]},{"type":"AddCurve","points":[[23.486362292160948,190.02329839954837],[21.186346462073516,188.00037787359543],[21.186311311103736,184.084191160302]]},{"type":"AddCurve","points":[[21.186311311103736,180.62871058474047],[23.533095506482596,177.47201322138062],[28.313240735806858,176.72329764256938]]},{"type":"AddCurve","points":[[30.444110099316049,176.37774606991661],[32.23665137869898,174.87676466471385],[32.812564867563879,172.74589552174075]]},{"type":"AddCurve","points":[[35.173813687006941,164.39515079746707],[36.203209836995256,149.0146346565125],[35.512159346618091,132.48593856977459]]},{"type":"AddCurve","points":[[35.454564482634623,131.5644823556031],[35.116253973993253,130.76543059327742],[34.540305334158575,130.07430108474728]]},{"type":"AddCurve","points":[[25.21049978435326,119.6502732877816],[18.702701965858751,108.07442742003695],[18.702684390373861,95.807452043762169]]},{"type":"AddCurve","points":[[18.702684390373861,78.472463095673447],[27.114610241815853,73.580771163895406],[22.392130178414618,55.727476826181373]]},{"type":"AddCurve","points":[[20.318838103404005,47.952645531167946],[13.987427851262282,46.620854513745144],[13.987392700292503,46.620845726003608]]},{"type":"AddCurve","points":[[13.987392700292503,46.620845726003608],[1.828391045856506,48.114612395405857],[3.1530201910215965,35.156571221727063]]},{"type":"AddCurve","points":[[3.2106150550050643,34.638248256618681],[3.0990107259556225,34.123515083927487],[2.8110715570080629,33.662795764583279]]},{"type":"AddCurve","points":[[2.0047961876941827,32.741335156541027],[1.6556240293909923,31.819870154628006],[1.4252797244269004,31.071185332912137]]},{"type":"AddCurve","points":[[1.1949178439779189,30.149724724869884],[1.7132188933744601,29.221075744251721],[2.5771067021566978,28.875515383857419]]},{"type":"AddCurve","points":[[6.0901824993295577,27.493322274858656],[11.849317387978545,24.45175091641795],[16.111073690481817,19.49892486371391]]},{"type":"AddCurve","points":[[19.624149487654677,15.352347733653005],[28.547188015173333,15.006796161000238],[33.154513501577412,15.179574144262006]]},{"type":"AddCurve","points":[[34.709469376221705,15.237165706881569],[36.044889869109056,14.01695813607148],[36.160062021591102,12.461982649940182]]},{"type":"AddCurve","points":[[36.275234174073148,10.964607514169984],[36.793552798954579,6.5300731202451061],[37.3118889993209,2.6714542152074046]]},{"type":"AddCurve","points":[[37.44147304941248,1.721197002004601],[38.311635306300332,1.2046677316557179],[39.129615948550736,1.3396543564069816]]},{"type":"CloseSubpath"},{"type":"MoveToPoint","points":[[39.129615948550736,1.3396543564069816]]}],"windingRule":0,"lineJoinStyle":0,"miterLimit":10},"isBackgroundTexture":true,"textBaseline":0,"isVerticalText":false,"textureType":5},"initialState":{"affineTransform":[1,0,0,1,0,0],"masksToBounds":false,"rotation":0,"scale":1,"position":{"pointX":115.23812177329364,"pointY":94.352432251342975},"width":233,"sublayerTransform":[1,0,0,0,0,1,0,0,0,0,1,0,0,0,0,1],"contentsRect":{"y":0,"x":0,"width":1,"height":1},"opacity":1,"edgeAntialiasingMask":0,"height":192,"hidden":true,"anchorPoint":{"pointX":0.5004664066992458,"pointY":0.49828574065408776}},"texture":"F35BDCA9E0A6280D0611243CE9535EAC"}]}]}}]}