{"assets":{"FFEA61B63929B9571AF7D015A9BADCE2":{"type":"texture","index":6,"url":{"native":"assets\/2D6F82E1-1805-49E5-99C5-2A5259A8424B.pdf"},"width":241,"height":198},"83F9BC4245FF6CA5A95339B1E4DB0291":{"type":"texture","index":2,"url":{"native":"assets\/2D6F82E1-1805-49E5-99C5-2A5259A8424B.pdf"},"width":1614,"height":69},"CF8E4BDD0744F490D169E12D06EF9F9F":{"type":"texture","index":4,"url":{"native":"assets\/2D6F82E1-1805-49E5-99C5-2A5259A8424B.pdf"},"width":916,"height":69},"5BA6DF7ACEF516F7DAB78587CF30CE20":{"type":"texture","index":0,"url":{"native":"assets\/2D6F82E1-1805-49E5-99C5-2A5259A8424B.pdf"},"width":1920,"height":1080},"DF4A1ABE0CA3332864506E8F34111A91":{"type":"texture","index":1,"url":{"native":"assets\/2D6F82E1-1805-49E5-99C5-2A5259A8424B.pdf"},"width":1710,"height":69},"F35BDCA9E0A6280D0611243CE9535EAC":{"type":"texture","index":7,"url":{"native":"assets\/2D6F82E1-1805-49E5-99C5-2A5259A8424B.pdf"},"width":233,"height":192},"4C464120E8927592D9F3A3E762A3111D":{"type":"texture","index":3,"url":{"native":"assets\/2D6F82E1-1805-49E5-99C5-2A5259A8424B.pdf"},"width":1664,"height":69},"235AE52CEB10D3079D7B5FBD9551DD11":{"type":"texture","index":10,"url":{"native":"assets\/2D6F82E1-1805-49E5-99C5-2A5259A8424B.pdf"},"width":233,"height":192},"8C32BEDAE33DDDAC01816E910BB294CA":{"type":"texture","index":8,"url":{"native":"assets\/2D6F82E1-1805-49E5-99C5-2A5259A8424B.pdf"},"width":110,"height":44},"15C82D643049B875A80E4C8B615AE283":{"type":"texture","index":9,"url":{"native":"assets\/2D6F82E1-1805-49E5-99C5-2A5259A8424B.pdf"},"width":241,"height":198},"1937937BB3A3CA35C139DE4791FE2B04":{"type":"texture","index":5,"url":{"native":"assets\/2D6F82E1-1805-49E5-99C5-2A5259A8424B.pdf"},"width":1343,"height":49}},"events":[{"effects":[{"beginTime":0,"baseLayer":{"animations":[],"initialState":{"affineTransform":[1,0,0,1,0,0],"masksToBounds":false,"rotation":0,"scale":1,"position":{"pointX":960,"pointY":540},"width":1920,"sublayerTransform":[1,0,0,0,0,1,0,0,0,0,1,0,0,0,0,1],"contentsRect":{"y":0,"x":0,"width":1,"height":1},"opacity":1,"edgeAntialiasingMask":251658240,"height":1080,"hidden":false,"anchorPoint":{"pointX":0.5,"pointY":0.5}},"objectID":"0","layers":[{"animations":[],"initialState":{"affineTransform":[1,0,0,1,0,0],"masksToBounds":false,"rotation":0,"scale":1,"position":{"pointX":960,"pointY":540},"width":1920,"sublayerTransform":[1,0,0,0,0,1,0,0,0,0,1,-0.00035007912466775983,0,0,0,1],"contentsRect":{"y":0,"x":0,"width":1,"height":1},"opacity":1,"edgeAntialiasingMask":251658240,"height":1080,"hidden":false,"anchorPoint":{"pointX":0.5,"pointY":0.5}},"layers":[{"animations":[{"additive":false,"timeOffset":0,"beginTime":0,"repeatCount":0,"fillMode":"both","duration":1,"autoreverses":false,"animations":[{"repeatCount":0,"removedOnCompletion":true,"from":{"scalar":0},"timingFunction":"EaseInEaseOut","additive":false,"timeOffset":0,"autoreverses":false,"property":"zPosition","fillMode":"both","duration":1,"beginTime":0,"to":{"scalar":0}}],"removedOnCompletion":false}],"initialState":{"affineTransform":[1,0,0,1,0,0],"masksToBounds":false,"rotation":0,"scale":1,"position":{"pointX":960,"pointY":540},"width":1920,"sublayerTransform":[1,0,0,0,0,1,0,0,0,0,1,0,0,0,0,1],"contentsRect":{"y":0,"x":0,"width":1,"height":1},"opacity":1,"edgeAntialiasingMask":251658240,"height":1080,"hidden":false,"anchorPoint":{"pointX":0.5,"pointY":0.5}},"layers":[{"animations":[],"layers":[],"texturedRectangle":{"isBackgroundTexture":true,"singleTextureOpacity":1,"textureType":1,"textBaseline":0,"textXHeight":0,"isVerticalText":false},"initialState":{"affineTransform":[1,0,0,1,0,0],"masksToBounds":false,"rotation":0,"scale":1,"position":{"pointX":960,"pointY":540},"width":1920,"sublayerTransform":[1,0,0,0,0,1,0,0,0,0,1,0,0,0,0,1],"contentsRect":{"y":0,"x":0,"width":1,"height":1},"opacity":1,"edgeAntialiasingMask":0,"height":1080,"hidden":false,"anchorPoint":{"pointX":0.5,"pointY":0.5}},"texture":"5BA6DF7ACEF516F7DAB78587CF30CE20"}]}]},{"animations":[{"additive":false,"timeOffset":0,"beginTime":0,"repeatCount":0,"fillMode":"both","duration":1,"autoreverses":false,"animations":[{"repeatCount":0,"removedOnCompletion":true,"from":{"scalar":0.001},"timingFunction":"EaseInEaseOut","additive":false,"timeOffset":0,"autoreverses":false,"property":"zPosition","fillMode":"both","duration":1,"beginTime":0,"to":{"scalar":0.001}}],"removedOnCompletion":false}],"initialState":{"affineTransform":[1,0,0,1,0,0],"masksToBounds":false,"rotation":0,"scale":1,"position":{"pointX":973.30254364013672,"pointY":284.29559326171875},"width":1730,"sublayerTransform":[1,0,0,0,0,1,0,0,0,0,1,0,0,0,0,1],"contentsRect":{"y":0,"x":0,"width":1,"height":1},"opacity":1,"edgeAntialiasingMask":251658240,"height":305.06399536132812,"hidden":false,"anchorPoint":{"pointX":0.5,"pointY":0.5}},"layers":[{"animations":[{"additive":false,"timeOffset":0,"beginTime":0,"repeatCount":0,"fillMode":"both","duration":1,"autoreverses":false,"animations":[{"repeatCount":0,"removedOnCompletion":true,"from":{"texture":"DF4A1ABE0CA3332864506E8F34111A91"},"timingFunction":"EaseInEaseOut","additive":false,"timeOffset":0,"autoreverses":false,"property":"contents","fillMode":"both","duration":1,"beginTime":0,"to":{"texture":"DF4A1ABE0CA3332864506E8F34111A91"}}],"removedOnCompletion":false}],"layers":[],"texturedRectangle":{"singleTextureOpacity":1,"textXHeight":0.53018724637681158,"textBaseline":0.75878956670346476,"isBackgroundTexture":true,"isVerticalText":false,"textColor":[0.99990898370742798,1,0.99987810850143433,1],"textureType":6},"initialState":{"affineTransform":[1,0,0,1,0,0],"masksToBounds":false,"rotation":0,"scale":1,"position":{"pointX":865,"pointY":152.53199768066409},"width":1710,"sublayerTransform":[1,0,0,0,0,1,0,0,0,0,1,0,0,0,0,1],"contentsRect":{"y":0,"x":0,"width":1,"height":1},"opacity":1,"edgeAntialiasingMask":0,"height":69,"hidden":false,"anchorPoint":{"pointX":0.4984225401404308,"pointY":1.8738491777060688}},"texture":"DF4A1ABE0CA3332864506E8F34111A91"}]},{"animations":[{"additive":false,"timeOffset":0,"beginTime":0,"repeatCount":0,"fillMode":"both","duration":1,"autoreverses":false,"animations":[{"repeatCount":0,"removedOnCompletion":true,"from":{"scalar":0.002},"timingFunction":"EaseInEaseOut","additive":false,"timeOffset":0,"autoreverses":false,"property":"zPosition","fillMode":"both","duration":1,"beginTime":0,"to":{"scalar":0.002}}],"removedOnCompletion":false}],"initialState":{"affineTransform":[1,0,0,1,0,0],"masksToBounds":false,"rotation":0,"scale":1,"position":{"pointX":973.30254364013672,"pointY":284.29559326171875},"width":1730,"sublayerTransform":[1,0,0,0,0,1,0,0,0,0,1,0,0,0,0,1],"contentsRect":{"y":0,"x":0,"width":1,"height":1},"opacity":1,"edgeAntialiasingMask":251658240,"height":305.06399536132812,"hidden":false,"anchorPoint":{"pointX":0.5,"pointY":0.5}},"layers":[{"animations":[{"additive":false,"timeOffset":0,"beginTime":0,"repeatCount":0,"fillMode":"both","duration":1,"autoreverses":false,"animations":[{"repeatCount":0,"removedOnCompletion":true,"from":{"texture":"83F9BC4245FF6CA5A95339B1E4DB0291"},"timingFunction":"EaseInEaseOut","additive":false,"timeOffset":0,"autoreverses":false,"property":"contents","fillMode":"both","duration":1,"beginTime":0,"to":{"texture":"83F9BC4245FF6CA5A95339B1E4DB0291"}}],"removedOnCompletion":false}],"layers":[],"texturedRectangle":{"singleTextureOpacity":1,"textXHeight":0.53018724637681158,"textBaseline":0.7648912325138516,"isBackgroundTexture":true,"isVerticalText":false,"textColor":[0.99990898370742798,1,0.99987810850143433,1],"textureType":6},"initialState":{"affineTransform":[1,0,0,1,0,0],"masksToBounds":false,"rotation":0,"scale":1,"position":{"pointX":865,"pointY":152.53199768066409},"width":1614,"sublayerTransform":[1,0,0,0,0,1,0,0,0,0,1,0,0,0,0,1],"contentsRect":{"y":0,"x":0,"width":1,"height":1},"opacity":1,"edgeAntialiasingMask":0,"height":69,"hidden":false,"anchorPoint":{"pointX":0.49894829221817638,"pointY":-0.12615082229393115}},"texture":"83F9BC4245FF6CA5A95339B1E4DB0291"}]},{"animations":[{"additive":false,"timeOffset":0,"beginTime":0,"repeatCount":0,"fillMode":"both","duration":1,"autoreverses":false,"animations":[{"repeatCount":0,"removedOnCompletion":true,"from":{"scalar":0.0030000000000000001},"timingFunction":"EaseInEaseOut","additive":false,"timeOffset":0,"autoreverses":false,"property":"zPosition","fillMode":"both","duration":1,"beginTime":0,"to":{"scalar":0.0030000000000000001}}],"removedOnCompletion":false}],"initialState":{"affineTransform":[1,0,0,1,0,0],"masksToBounds":false,"rotation":0,"scale":1,"position":{"pointX":973.30254364013672,"pointY":284.29559326171875},"width":1730,"sublayerTransform":[1,0,0,0,0,1,0,0,0,0,1,0,0,0,0,1],"contentsRect":{"y":0,"x":0,"width":1,"height":1},"opacity":1,"edgeAntialiasingMask":251658240,"height":305.06399536132812,"hidden":false,"anchorPoint":{"pointX":0.5,"pointY":0.5}},"layers":[{"animations":[{"additive":false,"timeOffset":0,"beginTime":0,"repeatCount":0,"fillMode":"both","duration":1,"autoreverses":false,"animations":[{"repeatCount":0,"removedOnCompletion":true,"from":{"texture":"4C464120E8927592D9F3A3E762A3111D"},"timingFunction":"EaseInEaseOut","additive":false,"timeOffset":0,"autoreverses":false,"property":"contents","fillMode":"both","duration":1,"beginTime":0,"to":{"texture":"4C464120E8927592D9F3A3E762A3111D"}}],"removedOnCompletion":false}],"layers":[],"texturedRectangle":{"singleTextureOpacity":1,"textXHeight":0.53018724637681158,"textBaseline":0.76184039960865824,"isBackgroundTexture":true,"isVerticalText":false,"textColor":[0.99990898370742798,1,0.99987810850143433,1],"textureType":6},"initialState":{"affineTransform":[1,0,0,1,0,0],"masksToBounds":false,"rotation":0,"scale":1,"position":{"pointX":865,"pointY":152.53199768066409},"width":1664,"sublayerTransform":[1,0,0,0,0,1,0,0,0,0,1,0,0,0,0,1],"contentsRect":{"y":0,"x":0,"width":1,"height":1},"opacity":1,"edgeAntialiasingMask":0,"height":69,"hidden":false,"anchorPoint":{"pointX":0.49958085555296677,"pointY":0.87384917770606885}},"texture":"4C464120E8927592D9F3A3E762A3111D"}]},{"animations":[{"additive":false,"timeOffset":0,"beginTime":0,"repeatCount":0,"fillMode":"both","duration":1,"autoreverses":false,"animations":[{"repeatCount":0,"removedOnCompletion":true,"from":{"scalar":0.0040000000000000001},"timingFunction":"EaseInEaseOut","additive":false,"timeOffset":0,"autoreverses":false,"property":"zPosition","fillMode":"both","duration":1,"beginTime":0,"to":{"scalar":0.0040000000000000001}}],"removedOnCompletion":false}],"initialState":{"affineTransform":[1,0,0,1,0,0],"masksToBounds":false,"rotation":0,"scale":1,"position":{"pointX":973.30254364013672,"pointY":284.29559326171875},"width":1730,"sublayerTransform":[1,0,0,0,0,1,0,0,0,0,1,0,0,0,0,1],"contentsRect":{"y":0,"x":0,"width":1,"height":1},"opacity":1,"edgeAntialiasingMask":251658240,"height":305.06399536132812,"hidden":false,"anchorPoint":{"pointX":0.5,"pointY":0.5}},"layers":[{"animations":[{"additive":false,"timeOffset":0,"beginTime":0,"repeatCount":0,"fillMode":"both","duration":1,"autoreverses":false,"animations":[{"repeatCount":0,"removedOnCompletion":true,"from":{"texture":"CF8E4BDD0744F490D169E12D06EF9F9F"},"timingFunction":"EaseInEaseOut","additive":false,"timeOffset":0,"autoreverses":false,"property":"contents","fillMode":"both","duration":1,"beginTime":0,"to":{"texture":"CF8E4BDD0744F490D169E12D06EF9F9F"}}],"removedOnCompletion":false}],"layers":[],"texturedRectangle":{"singleTextureOpacity":1,"textXHeight":0.53018724637681158,"textBaseline":0.76794206541904531,"isBackgroundTexture":true,"isVerticalText":false,"textColor":[0.99990898370742798,1,0.99987810850143433,1],"textureType":6},"initialState":{"affineTransform":[1,0,0,1,0,0],"masksToBounds":false,"rotation":0,"scale":1,"position":{"pointX":865,"pointY":152.53199768066409},"width":916,"sublayerTransform":[1,0,0,0,0,1,0,0,0,0,1,0,0,0,0,1],"contentsRect":{"y":0,"x":0,"width":1,"height":1},"opacity":1,"edgeAntialiasingMask":0,"height":69,"hidden":false,"anchorPoint":{"pointX":0.50033028781674316,"pointY":-1.1261508222939307}},"texture":"CF8E4BDD0744F490D169E12D06EF9F9F"}]},{"animations":[{"additive":false,"timeOffset":0,"beginTime":0,"repeatCount":0,"fillMode":"both","duration":1,"autoreverses":false,"animations":[{"repeatCount":0,"removedOnCompletion":true,"from":{"scalar":0.0050000000000000001},"timingFunction":"EaseInEaseOut","additive":false,"timeOffset":0,"autoreverses":false,"property":"zPosition","fillMode":"both","duration":1,"beginTime":0,"to":{"scalar":0.0050000000000000001}}],"removedOnCompletion":false}],"initialState":{"affineTransform":[1,0,0,1,0,0],"masksToBounds":false,"rotation":0,"scale":1,"position":{"pointX":973.30253982543945,"pointY":540},"width":1365.8639907836914,"sublayerTransform":[1,0,0,0,0,1,0,0,0,0,1,0,0,0,0,1],"contentsRect":{"y":0,"x":0,"width":1,"height":1},"opacity":1,"edgeAntialiasingMask":251658240,"height":63.656008243560791,"hidden":false,"anchorPoint":{"pointX":0.5,"pointY":0.5}},"layers":[{"animations":[{"additive":false,"timeOffset":0,"beginTime":0,"repeatCount":0,"fillMode":"both","duration":1,"autoreverses":false,"animations":[{"repeatCount":0,"removedOnCompletion":true,"from":{"texture":"1937937BB3A3CA35C139DE4791FE2B04"},"timingFunction":"EaseInEaseOut","additive":false,"timeOffset":0,"autoreverses":false,"property":"contents","fillMode":"both","duration":1,"beginTime":0,"to":{"texture":"1937937BB3A3CA35C139DE4791FE2B04"}}],"removedOnCompletion":false}],"layers":[],"texturedRectangle":{"singleTextureOpacity":1,"textXHeight":0.50644897959183677,"textBaseline":0.74702295478509395,"isBackgroundTexture":true,"isVerticalText":false,"textColor":[0.99990898370742798,1,0.99987810850143433,1],"textureType":6},"initialState":{"affineTransform":[1,0,0,1,0,0],"masksToBounds":false,"rotation":0,"scale":1,"position":{"pointX":682.93199999999979,"pointY":31.8280029296875},"width":1343,"sublayerTransform":[1,0,0,0,0,1,0,0,0,0,1,0,0,0,0,1],"contentsRect":{"y":0,"x":0,"width":1,"height":1},"opacity":1,"edgeAntialiasingMask":0,"height":49,"hidden":false,"anchorPoint":{"pointX":0.50580978736678595,"pointY":0.38775507771238987}},"texture":"1937937BB3A3CA35C139DE4791FE2B04"}]},{"animations":[{"additive":false,"timeOffset":0,"beginTime":0,"repeatCount":0,"fillMode":"both","duration":1,"autoreverses":false,"animations":[{"repeatCount":0,"removedOnCompletion":true,"from":{"scalar":0.0060000000000000001},"timingFunction":"EaseInEaseOut","additive":false,"timeOffset":0,"autoreverses":false,"property":"zPosition","fillMode":"both","duration":1,"beginTime":0,"to":{"scalar":0.0060000000000000001}}],"removedOnCompletion":false}],"initialState":{"affineTransform":[1,0,0,1,0,0],"masksToBounds":false,"rotation":0,"scale":1,"position":{"pointX":278.16352889475837,"pointY":842.670864303803},"width":238.05146915285354,"sublayerTransform":[1,0,0,0,0,1,0,0,0,0,1,0,0,0,0,1],"contentsRect":{"y":0,"x":0,"width":1,"height":1},"opacity":1,"edgeAntialiasingMask":251658240,"height":194.90717441663321,"hidden":false,"anchorPoint":{"pointX":0.5,"pointY":0.5}},"layers":[{"animations":[{"additive":false,"timeOffset":0,"beginTime":0,"repeatCount":0,"fillMode":"both","duration":1,"autoreverses":false,"animations":[{"repeatCount":0,"removedOnCompletion":true,"from":{"texture":"FFEA61B63929B9571AF7D015A9BADCE2"},"timingFunction":"EaseInEaseOut","additive":false,"timeOffset":0,"autoreverses":false,"property":"contents","fillMode":"both","duration":1,"beginTime":0,"to":{"texture":"15C82D643049B875A80E4C8B615AE283"}}],"removedOnCompletion":false}],"layers":[],"texturedRectangle":{"singleTextureOpacity":1,"textXHeight":0,"shapePath":{"lineWidth":1,"flatness":0.59999999999999998,"lineCapStyle":0,"elements":[{"type":"MoveToPoint","points":[[200.18914465972944,1.2391990959856685]]},{"type":"AddCurve","points":[[199.9075272165494,1.2856735405061954],[199.62775973333879,1.4027771962616953],[199.38982513913675,1.6109756171915706]]},{"type":"AddCurve","points":[[195.04747537145181,5.5369356811258967],[191.42265369485187,11.541127093443606],[189.81657971808477,16.53780294360854]]},{"type":"AddCurve","points":[[189.40019001433416,17.846456298253315],[188.57114740700285,18.928323595592701],[187.38144350418611,19.642136895677822]]},{"type":"AddCurve","points":[[178.81571245560212,24.638813340685147],[179.47002604639096,38.669661035523177],[175.48459482559724,50.982897633335369]]},{"type":"AddCurve","points":[[172.15347719559236,61.154703253528851],[158.65804836521909,65.076921758553794],[150.09225842723413,68.289094695470112]]},{"type":"AddCurve","points":[[141.52652737865014,71.560728082082051],[81.685364249129719,94.941767776939628],[81.685378525348142,150.61900531651713]]},{"type":"AddCurve","points":[[80.257756683917478,175.54290270331842],[70.491167247195676,179.95220912505124],[51.218292612524465,179.95217283966281]]},{"type":"AddCurve","points":[[31.945398348052919,179.95217283966281],[18.981577226670225,161.97303826497534],[14.877137664647535,154.00217165949084]]},{"type":"AddCurve","points":[[9.8209769762472661,144.06830360771164],[-2.4365205061359916,149.61157184262015],[2.1437918133453877,159.4858753472779]]},{"type":"AddCurve","points":[[5.8318149037079365,167.39728031338188],[21.94833126188081,196.12445627085901],[52.761165175528959,196.12445151211955]]},{"type":"AddCurve","points":[[77.328158291657417,196.12445151211955],[89.343944525225595,189.46967617107373],[93.210450682731107,186.79286082985141]]},{"type":"AddCurve","points":[[93.983745846839383,186.25750263931491],[95.058206761033944,186.4247295030807],[95.534053940267995,187.25758148135878]]},{"type":"AddCurve","points":[[98.270329136343435,191.77838397922255],[102.84687134447853,196.12445448633173],[108.67635396489663,196.12445151211955]]},{"type":"AddCurve","points":[[108.67635396489663,196.12445151211955],[163.23829822624486,196.12445151211955],[167.34268901118799,196.12445151211955]]},{"type":"AddCurve","points":[[171.44710180530114,196.12445151211955],[173.76326179946227,194.15401156118855],[173.94172226259275,190.28756012918689]]},{"type":"AddCurve","points":[[174.12017499277158,186.89695825578906],[172.02705592795178,183.03796198401187],[167.26833370694681,183.0379179656718]]},{"type":"AddCurve","points":[[158.28621295461221,183.0379179656718],[154.95510841114088,173.46098154731726],[162.21217301854654,168.76169955136515]]},{"type":"AddCurve","points":[[168.10111311444803,164.89522373082377],[174.59981964610381,160.49336295183639],[181.02406499156518,155.6751660049174]]},{"type":"AddCurve","points":[[181.67839166888757,155.19929205777385],[182.55572120563551,155.55618324191312],[182.73423698911233,156.27000843884684]]},{"type":"AddCurve","points":[[186.06535461911722,170.96261596206159],[192.86149545427133,196.12443485653137],[200.35644409427209,196.12445151211955]]},{"type":"AddCurve","points":[[210.94464001305857,196.12445151211955],[207.89977424363656,196.12445151211955],[212.12317099043889,196.12445151211955]]},{"type":"AddCurve","points":[[216.34655227133794,196.12445151211955],[218.7221709306674,194.03504783314202],[218.72220424184366,189.99013891222216]]},{"type":"AddCurve","points":[[218.72220424184366,186.4210843086455],[216.29827485940018,183.16064526179775],[211.36102912196679,182.38730905356147]]},{"type":"AddCurve","points":[[209.16011211642785,182.0304035932038],[207.308660282083,180.48008836166605],[206.71382260689302,178.27917849423625]]},{"type":"AddCurve","points":[[204.2749686277823,169.65396320225932],[203.21172644189164,153.76793579554305],[203.92549869784875,136.6959745973561]]},{"type":"AddCurve","points":[[203.9849829412417,135.74422670306899],[204.33441896515654,134.91891197327118],[204.92929530510469,134.20507190527655]]},{"type":"AddCurve","points":[[214.56574213991928,123.43842385115363],[221.28744379804891,111.48210461054782],[221.28746223816438,98.811947086474675]]},{"type":"AddCurve","points":[[221.28746223816438,80.907189230356039],[212.59904969632197,75.854722513470392],[217.47675289580388,57.414631450197476]]},{"type":"AddCurve","points":[[219.61818565794988,49.38425859214999],[226.15770135478544,48.008691412112512],[226.1577346659617,48.008685463688153]]},{"type":"AddCurve","points":[[226.1577346659617,48.008685463688153],[238.71637469957631,49.551546129843928],[237.34820795425935,36.167603263280171]]},{"type":"AddCurve","points":[[237.28872371086641,35.632245072743672],[237.40398394991917,35.100593940255408],[237.70139564940496,34.624730700275677]]},{"type":"AddCurve","points":[[238.53417505690618,33.672982805988568],[238.89481791227627,32.721231342646888],[239.13273525604768,31.947939747593182]]},{"type":"AddCurve","points":[[239.37067222961946,30.996191853306073],[238.83532355656189,30.037022109970849],[237.94305038818879,29.680102968237179]]},{"type":"AddCurve","points":[[234.31451154121919,28.252481126806515],[228.36608660708231,25.110939185652569],[223.96425319084688,19.995324590823429]]},{"type":"AddCurve","points":[[220.33571434387727,15.712459066531437],[211.1193833058195,15.355550037119201],[206.36063491174741,15.534006336352604]]},{"type":"AddCurve","points":[[204.75456034013791,15.593490579745549],[203.37525992898509,14.33317769033647],[203.25630095967813,12.727093601248043]]},{"type":"AddCurve","points":[[203.13733247289224,11.180503273031491],[202.60198379983473,6.6002153420898821],[202.06661609181924,2.6147722244475062]]},{"type":"AddCurve","points":[[201.93277654418512,1.6332822084639247],[201.03399758411217,1.0997757624242013],[200.18914465972944,1.2391990959856685]]},{"type":"CloseSubpath"},{"type":"MoveToPoint","points":[[200.18914465972944,1.2391990959856685]]}],"windingRule":0,"lineJoinStyle":0,"miterLimit":10},"isBackgroundTexture":true,"textBaseline":0,"isVerticalText":false,"textureType":5},"initialState":{"affineTransform":[1,0,0,1,0,0],"masksToBounds":false,"rotation":0,"scale":1,"position":{"pointX":119.02573394775391,"pointY":97.453582763671875},"width":241,"sublayerTransform":[1,0,0,0,0,1,0,0,0,0,1,0,0,0,0,1],"contentsRect":{"y":0,"x":0,"width":1,"height":1},"opacity":1,"edgeAntialiasingMask":0,"height":198,"hidden":false,"anchorPoint":{"pointX":0.49860385172649591,"pointY":0.49833767605635459}},"texture":"FFEA61B63929B9571AF7D015A9BADCE2"}]},{"animations":[{"additive":false,"timeOffset":0,"beginTime":0,"repeatCount":0,"fillMode":"both","duration":1,"autoreverses":false,"animations":[{"repeatCount":0,"removedOnCompletion":true,"from":{"scalar":0.0070000000000000001},"timingFunction":"EaseInEaseOut","additive":false,"timeOffset":0,"autoreverses":false,"property":"zPosition","fillMode":"both","duration":1,"beginTime":0,"to":{"scalar":0.0070000000000000001}}],"removedOnCompletion":false}],"initialState":{"affineTransform":[1,0,0,1,0,0],"masksToBounds":false,"rotation":0,"scale":1,"position":{"pointX":1555.6086723843873,"pointY":842.67086417689507},"width":230.47624279351317,"sublayerTransform":[1,0,0,0,0,1,0,0,0,0,1,0,0,0,0,1],"contentsRect":{"y":0,"x":0,"width":1,"height":1},"opacity":1,"edgeAntialiasingMask":251658240,"height":188.70486844530649,"hidden":false,"anchorPoint":{"pointX":0.5,"pointY":0.5}},"layers":[{"animations":[{"additive":false,"timeOffset":0,"beginTime":0,"repeatCount":0,"fillMode":"both","duration":1,"autoreverses":false,"animations":[{"repeatCount":0,"removedOnCompletion":true,"from":{"texture":"F35BDCA9E0A6280D0611243CE9535EAC"},"timingFunction":"EaseInEaseOut","additive":false,"timeOffset":0,"autoreverses":false,"property":"contents","fillMode":"both","duration":1,"beginTime":0,"to":{"texture":"235AE52CEB10D3079D7B5FBD9551DD11"}}],"removedOnCompletion":false}],"layers":[],"texturedRectangle":{"singleTextureOpacity":1,"textXHeight":0,"shapePath":{"lineWidth":1,"flatness":0.59999999999999998,"lineCapStyle":0,"elements":[{"type":"MoveToPoint","points":[[39.129615948550736,1.3396543564069816]]},{"type":"AddCurve","points":[[39.402264445644278,1.3846498951301101],[39.673137818763962,1.4980270879930231],[39.903499699212944,1.6996002346764953]]},{"type":"AddCurve","points":[[44.107661137732748,5.5006290188334788],[47.617133960503224,11.31375547004609],[49.172107410632407,16.151428056138684]]},{"type":"AddCurve","points":[[49.575236307546902,17.418436941430627],[50.377908702458399,18.465877513655869],[51.529753255673086,19.156976265090634]]},{"type":"AddCurve","points":[[59.822903980230649,23.99464994965092],[59.189413202867172,37.579008841101313],[63.048023032971059,49.500412872304878]]},{"type":"AddCurve","points":[[66.27314208571147,59.348536027751834],[79.3391090623943,63.145938838712027],[87.632330088891422,66.25589420484539]]},{"type":"AddCurve","points":[[95.925480813448985,69.423418065776787],[153.86239009609722,92.060429355024098],[153.86238130835477,145.96591227339741]]},{"type":"AddCurve","points":[[155.24457016653355,170.09669023204697],[164.70036997364173,174.36568719250135],[183.35994592228258,174.36565204153521]]},{"type":"AddCurve","points":[[202.01954164334393,174.36565204153521],[214.57083141592102,156.95864755156435],[218.54466063262248,149.24142869005664]]},{"type":"AddCurve","points":[[223.43992528797412,139.62366739121717],[235.30736749819243,144.99054326490659],[230.87280895959952,154.5506306160496]]},{"type":"AddCurve","points":[[227.3021452325213,162.21027219501775],[211.69848420048265,190.02329839954837],[181.86617031053925,190.02329839954837]]},{"type":"AddCurve","points":[[158.08094585674166,190.02329839954837],[146.44752150244653,183.58028448518235],[142.70405746159736,180.98865647802813]]},{"type":"AddCurve","points":[[141.9553681685245,180.47032033130745],[140.91509279338948,180.63222568135461],[140.45439539571885,181.43858884463771]]},{"type":"AddCurve","points":[[137.80518983184334,185.81551684662918],[133.37427827501938,190.02329839954837],[127.73030675110999,190.02329839954837]]},{"type":"AddCurve","points":[[127.73030675110999,190.02329839954837],[74.904620894395293,190.02329839954837],[70.93083891180936,190.02329839954837]]},{"type":"AddCurve","points":[[66.957039353738537,190.02329839954837],[64.714583236664794,188.11555001415763],[64.54179864471439,184.37214787493212]]},{"type":"AddCurve","points":[[64.369014052763987,181.08943429795545],[66.395537762483173,177.35323810678892],[71.002828097917472,177.35320295582278]]},{"type":"AddCurve","points":[[79.69912529487442,177.35320295582278],[82.924226772129941,168.08101080511915],[75.898092753269111,163.53128065357669]]},{"type":"AddCurve","points":[[70.196552728603592,159.78784336338504],[63.904634591008971,155.52605235098963],[57.68482866791669,150.8611852098511]]},{"type":"AddCurve","points":[[57.051320315068324,150.40044392115306],[56.201914705835179,150.74597791832275],[56.029077387430107,151.43709863911135]]},{"type":"AddCurve","points":[[52.803958334689696,165.66214979654978],[46.224083452662626,190.0232808240653],[38.967640279807483,190.02329839954837]]},{"type":"AddCurve","points":[[28.716369632721353,190.02329839954837],[31.664340864236465,190.02329839954837],[27.575351578198706,190.02329839954837]]},{"type":"AddCurve","points":[[23.486362292160948,190.02329839954837],[21.186346462073516,188.00037787359543],[21.186311311103736,184.084191160302]]},{"type":"AddCurve","points":[[21.186311311103736,180.62871058474047],[23.533095506482596,177.47201322138062],[28.313240735806858,176.72329764256938]]},{"type":"AddCurve","points":[[30.444110099316049,176.37774606991661],[32.23665137869898,174.87676466471385],[32.812564867563879,172.74589552174075]]},{"type":"AddCurve","points":[[35.173813687006941,164.39515079746707],[36.203209836995256,149.0146346565125],[35.512159346618091,132.48593856977459]]},{"type":"AddCurve","points":[[35.454564482634623,131.5644823556031],[35.116253973993253,130.76543059327742],[34.540305334158575,130.07430108474728]]},{"type":"AddCurve","points":[[25.21049978435326,119.6502732877816],[18.702701965858751,108.07442742003695],[18.702684390373861,95.807452043762169]]},{"type":"AddCurve","points":[[18.702684390373861,78.472463095673447],[27.114610241815853,73.580771163895406],[22.392130178414618,55.727476826181373]]},{"type":"AddCurve","points":[[20.318838103404005,47.952645531167946],[13.987427851262282,46.620854513745144],[13.987392700292503,46.620845726003608]]},{"type":"AddCurve","points":[[13.987392700292503,46.620845726003608],[1.828391045856506,48.114612395405857],[3.1530201910215965,35.156571221727063]]},{"type":"AddCurve","points":[[3.2106150550050643,34.638248256618681],[3.0990107259556225,34.123515083927487],[2.8110715570080629,33.662795764583279]]},{"type":"AddCurve","points":[[2.0047961876941827,32.741335156541027],[1.6556240293909923,31.819870154628006],[1.4252797244269004,31.071185332912137]]},{"type":"AddCurve","points":[[1.1949178439779189,30.149724724869884],[1.7132188933744601,29.221075744251721],[2.5771067021566978,28.875515383857419]]},{"type":"AddCurve","points":[[6.0901824993295577,27.493322274858656],[11.849317387978545,24.45175091641795],[16.111073690481817,19.49892486371391]]},{"type":"AddCurve","points":[[19.624149487654677,15.352347733653005],[28.547188015173333,15.006796161000238],[33.154513501577412,15.179574144262006]]},{"type":"AddCurve","points":[[34.709469376221705,15.237165706881569],[36.044889869109056,14.01695813607148],[36.160062021591102,12.461982649940182]]},{"type":"AddCurve","points":[[36.275234174073148,10.964607514169984],[36.793552798954579,6.5300731202451061],[37.3118889993209,2.6714542152074046]]},{"type":"AddCurve","points":[[37.44147304941248,1.721197002004601],[38.311635306300332,1.2046677316557179],[39.129615948550736,1.3396543564069816]]},{"type":"CloseSubpath"},{"type":"MoveToPoint","points":[[39.129615948550736,1.3396543564069816]]}],"windingRule":0,"lineJoinStyle":0,"miterLimit":10},"isBackgroundTexture":true,"textBaseline":0,"isVerticalText":false,"textureType":5},"initialState":{"affineTransform":[1,0,0,1,0,0],"masksToBounds":false,"rotation":0,"scale":1,"position":{"pointX":115.23812177329364,"pointY":94.352432251342975},"width":233,"sublayerTransform":[1,0,0,0,0,1,0,0,0,0,1,0,0,0,0,1],"contentsRect":{"y":0,"x":0,"width":1,"height":1},"opacity":1,"edgeAntialiasingMask":0,"height":192,"hidden":false,"anchorPoint":{"pointX":0.5004664066992458,"pointY":0.49828574065408776}},"texture":"F35BDCA9E0A6280D0611243CE9535EAC"}]},{"animations":[{"additive":false,"timeOffset":0,"beginTime":0,"repeatCount":0,"fillMode":"both","duration":1,"autoreverses":false,"animations":[{"repeatCount":0,"removedOnCompletion":true,"from":{"scalar":0.0080000000000000002},"timingFunction":"EaseInEaseOut","additive":false,"timeOffset":0,"autoreverses":false,"property":"zPosition","fillMode":"both","duration":1,"beginTime":0,"to":{"scalar":0.0080000000000000002}}],"removedOnCompletion":false}],"initialState":{"affineTransform":[1,0,0,1,0,0],"masksToBounds":false,"rotation":0,"scale":1,"position":{"pointX":311.74600823993899,"pointY":999.7080107025339},"width":107.05444206856191,"sublayerTransform":[1,0,0,0,0,1,0,0,0,0,1,0,0,0,0,1],"contentsRect":{"y":0,"x":0,"width":1,"height":1},"opacity":1,"edgeAntialiasingMask":251658240,"height":40.972795635461807,"hidden":false,"anchorPoint":{"pointX":0.5,"pointY":0.5}},"layers":[{"animations":[{"additive":false,"timeOffset":0,"beginTime":0,"repeatCount":0,"fillMode":"both","duration":1,"autoreverses":false,"animations":[{"repeatCount":0,"removedOnCompletion":true,"from":{"scalar":0},"timingFunction":"EaseInEaseOut","additive":false,"timeOffset":0,"autoreverses":false,"property":"opacity","fillMode":"both","duration":0.33329999999999999,"beginTime":0.66670000000000007,"to":{"scalar":1}},{"additive":false,"timeOffset":0,"beginTime":0.66670000000000007,"from":{"scalar":false},"repeatCount":0,"fillMode":"forwards","duration":0.33329999999999993,"autoreverses":false,"property":"hidden","to":{"scalar":false},"removedOnCompletion":true}],"removedOnCompletion":false}],"layers":[],"texturedRectangle":{"singleTextureOpacity":1,"textXHeight":0,"shapePath":{"lineWidth":1,"flatness":0.59999999999999998,"lineCapStyle":0,"elements":[{"type":"MoveToPoint","points":[[16.315781021743192,1.2216128848029939]]},{"type":"AddCurve","points":[[7.9928444436782229,1.2216128848029939],[1.2187898732660187,10.401529683492868],[1.2187872056580318,21.712178840441879]]},{"type":"AddCurve","points":[[1.2187872056580318,33.02283760078069],[7.9661686308081698,42.194397583070895],[16.315781021743192,42.194408520264801]]},{"type":"AddCurve","points":[[23.278238072156284,42.194408520264801],[29.145319006398609,35.793820216941072],[30.879253245211316,27.097413017554459]]},{"type":"AddCurve","points":[[31.03930972299645,26.243778373999817],[31.81792099835144,25.630226339858268],[32.671552345409168,25.63022847394484]]},{"type":"AddLine","points":[[35.680947578764631,25.63022847394484]]},{"type":"AddLine","points":[[35.680947578764631,26.247112884326157]]},{"type":"AddCurve","points":[[35.680947578764631,27.100747527880799],[36.377862293206988,27.789320442388657],[37.231494707307888,27.78932391027945]]},{"type":"AddCurve","points":[[38.085129255495133,27.78932391027945],[38.78204396993749,27.10075072901077],[38.782041835851146,26.247112884326157]]},{"type":"AddLine","points":[[38.782041835851146,25.63022847394484]]},{"type":"AddLine","points":[[78.929541680283023,25.63022847394484]]},{"type":"AddLine","points":[[78.929541680283023,26.247112884326157]]},{"type":"AddCurve","points":[[78.929541680283023,27.100747527880799],[79.618103847432167,27.789320442388657],[80.47175253394164,27.78932391027945]]},{"type":"AddCurve","points":[[81.325387082128884,27.78932391027945],[82.022301796571242,27.10075072901077],[82.022299662484897,26.247112884326157]]},{"type":"AddLine","points":[[82.022299662484897,25.63022847394484]]},{"type":"AddLine","points":[[89.941760802894009,25.63022847394484]]},{"type":"AddCurve","points":[[90.261873758464276,25.63022847394484],[90.533638453789877,25.901998534848417],[90.533636319703533,26.222104056878266]]},{"type":"AddLine","points":[[90.533636319703533,32.115851058764633]]},{"type":"AddCurve","points":[[90.533636319703533,32.435964050097596],[90.261860687185219,32.699381829535696],[89.941760802894009,32.699390365882095]]},{"type":"AddLine","points":[[89.491601959123386,32.699390365882095]]},{"type":"AddCurve","points":[[89.17148900355312,32.699390365882095],[88.899724308227519,32.971160426785673],[88.899726442313863,33.291265948815521]]},{"type":"AddLine","points":[[88.899726442313863,36.725811584992584]]},{"type":"AddCurve","points":[[88.899726442313863,37.045924576325547],[89.171502074832176,37.317694903989945],[89.491601959123386,37.31768716792601]]},{"type":"AddLine","points":[[93.493013903751148,37.31768716792601]]},{"type":"AddCurve","points":[[93.813126859321414,37.31768716792601],[94.07654460933054,37.04590616982864],[94.07655314567603,36.725811584992584]]},{"type":"AddLine","points":[[94.07655314567603,34.700096561713394]]},{"type":"AddCurve","points":[[94.07655314567603,34.379983570380432],[94.348328778194343,34.116565790942332],[94.668428662485553,34.116557254595932]]},{"type":"AddLine","points":[[96.560763061299099,34.116557254595932]]},{"type":"AddCurve","points":[[96.880876016869365,34.116557254595932],[97.144293766878491,34.379974767273097],[97.144302303223981,34.700096561713394]]},{"type":"AddLine","points":[[97.144302303223981,36.725811584992584]]},{"type":"AddCurve","points":[[97.144302303223981,37.045924576325547],[97.416077935742294,37.317694903989945],[97.736177820033504,37.31768716792601]]},{"type":"AddLine","points":[[101.73758976466127,37.31768716792601]]},{"type":"AddCurve","points":[[102.05770272023153,37.31768716792601],[102.321109533048,37.04590616982864],[102.32112900658615,36.725811584992584]]},{"type":"AddLine","points":[[102.32112900658615,33.291265948815521]]},{"type":"AddCurve","points":[[102.32112900658615,32.971152957482559],[102.05771152333773,32.69938262981816],[101.73758976466127,32.699390365882095]]},{"type":"AddLine","points":[[101.279094646006,32.699390365882095]]},{"type":"AddCurve","points":[[100.95898169043573,32.699390365882095],[100.69556394042661,32.43597285320493],[100.69555540408112,32.115851058764633]]},{"type":"AddLine","points":[[100.69555540408112,26.222104056878266]]},{"type":"AddCurve","points":[[100.69555540408112,25.901991065545303],[100.95898382452219,25.630220737880904],[101.279094646006,25.63022847394484]]},{"type":"AddLine","points":[[106.90608019313879,25.63022847394484]]},{"type":"AddCurve","points":[[107.65301042280259,25.63022847394484],[108.27325968495074,25.01835329835626],[108.27322927421994,24.271415515942749]]},{"type":"AddLine","points":[[108.27322927421994,19.15294216494101]]},{"type":"AddCurve","points":[[108.21987711495819,18.406011851830613],[107.60299277349475,17.785795065209527],[106.85606254383094,17.785792931122955]]},{"type":"AddLine","points":[[82.022299662484897,17.785792931122955]]},{"type":"AddLine","points":[[82.022299662484897,17.177244796557602]]},{"type":"AddCurve","points":[[82.022299662484897,16.32361015300296],[81.325374010849885,15.626684690268689],[80.47175253394164,15.626697494788345]]},{"type":"AddCurve","points":[[79.618117985754395,15.626697494788345],[78.92956675579785,16.323623224283438],[78.929541680283023,17.177244796557602]]},{"type":"AddLine","points":[[78.929541680283023,17.785792931122955]]},{"type":"AddLine","points":[[38.782041835851146,17.785792931122955]]},{"type":"AddLine","points":[[38.782041835851146,17.177244796557602]]},{"type":"AddCurve","points":[[38.782041835851146,16.32361015300296],[38.085127121408789,15.626684690268689],[37.231494707307888,15.626697494788345]]},{"type":"AddCurve","points":[[36.377860159120644,15.626697494788345],[35.680945444678287,16.323623224283438],[35.680947578764631,17.177244796557602]]},{"type":"AddLine","points":[[35.680947578764631,17.785792931122955]]},{"type":"AddLine","points":[[32.671552345409168,17.785792931122955]]},{"type":"AddCurve","points":[[31.817917797221924,17.785792931122955],[31.03930118665096,17.172240896981407],[30.879253245211316,16.318608387513336]]},{"type":"AddCurve","points":[[29.145308069205953,7.6222051895391587],[23.278231403136374,1.2216128848029939],[16.315781021743192,1.2216128848029939]]},{"type":"CloseSubpath"},{"type":"MoveToPoint","points":[[16.290772197089268,7.0153245768977968]]},{"type":"AddCurve","points":[[20.265508062086155,7.0153245768977968],[23.493317698831163,10.823339104281558],[23.493313697419239,15.518325909180817]]},{"type":"AddCurve","points":[[23.493313697419239,17.385651691956696],[22.988138640539546,19.124606296469892],[22.134500891222729,20.5117551229431]]},{"type":"AddCurve","points":[[21.68100753749826,21.232009353442322],[21.68100753749826,22.190675470300903],[22.134500891222729,22.93761138538855]]},{"type":"AddCurve","points":[[22.988135439409973,24.351443763776047],[23.493310229528902,26.055376406472419],[23.493313697419239,27.92270432333487]]},{"type":"AddCurve","points":[[23.493313697419239,32.617694862885628],[20.265509129129384,36.434032328044054],[16.290772197089268,36.434041931433853]]},{"type":"AddCurve","points":[[12.316036332092381,36.434041931433853],[9.0882266953473732,32.617699131058885],[9.0882306967592967,27.92270432333487]]},{"type":"AddCurve","points":[[9.0882306967592967,26.055378540558991],[9.5933974840543215,24.3247655470783],[10.447043502955808,22.93761138538855]]},{"type":"AddCurve","points":[[10.900536856680276,22.190681072278153],[10.900545126264944,21.258695039443182],[10.447043502955808,20.5117551229431]]},{"type":"AddCurve","points":[[9.593408954768563,19.097922744555603],[9.0882341646496343,17.385648224065903],[9.0882306967592967,15.518325909180817]]},{"type":"AddCurve","points":[[9.0882306967592967,10.823335369630058],[12.316035265049152,7.0153259107019039],[16.290772197089268,7.0153245768977968]]},{"type":"CloseSubpath"},{"type":"MoveToPoint","points":[[16.290772197089268,7.0153245768977968]]}],"windingRule":0,"lineJoinStyle":0,"miterLimit":10},"isBackgroundTexture":true,"textBaseline":0,"isVerticalText":false,"textureType":5},"initialState":{"affineTransform":[1,0,0,1,0,0],"masksToBounds":false,"rotation":0,"scale":1,"position":{"pointX":53.5272216796875,"pointY":20.486396789550781},"width":110,"sublayerTransform":[1,0,0,0,0,1,0,0,0,0,1,0,0,0,0,1],"contentsRect":{"y":0,"x":0,"width":1,"height":1},"opacity":1,"edgeAntialiasingMask":0,"height":44,"hidden":true,"anchorPoint":{"pointX":0.49769098986677757,"pointY":0.49336385623531309}},"texture":"8C32BEDAE33DDDAC01816E910BB294CA"}]}]},"effects":[],"duration":1,"type":"transition","attributes":{"direction":0},"name":"apple:magic-move-implied-motion-path","objectID":"0"}],"automaticPlay":false,"hyperlinks":[],"accessibility":[{"text":"Let’s say Alice and Bob want to communicate securely over a public network. Alice will encrypt her message using a key and send it to Bob, who will decrypt the message using the same key.","targetRectangle":{"y":138.76359558105469,"x":117.28344282017929,"width":1730.294281644874,"height":291.57899006274226}},{"text":"Sending this key over the same public channel is not an option ","targetRectangle":{"y":512.1719958782196,"x":294.37054443359375,"width":1356.8639999999996,"height":55.656005859375}}],"baseLayer":{"animations":[],"initialState":{"affineTransform":[1,0,0,1,0,0],"masksToBounds":false,"rotation":0,"scale":1,"position":{"pointX":960,"pointY":540},"width":1920,"sublayerTransform":[1,0,0,0,0,1,0,0,0,0,1,0,0,0,0,1],"contentsRect":{"y":0,"x":0,"width":1,"height":1},"opacity":1,"edgeAntialiasingMask":251658240,"height":1080,"hidden":false,"anchorPoint":{"pointX":0.5,"pointY":0.5}},"objectID":"0","layers":[{"animations":[],"initialState":{"affineTransform":[1,0,0,1,0,0],"masksToBounds":false,"rotation":0,"scale":1,"position":{"pointX":960,"pointY":540},"width":1920,"sublayerTransform":[1,0,0,0,0,1,0,0,0,0,1,-0.00035007912466775983,0,0,0,1],"contentsRect":{"y":0,"x":0,"width":1,"height":1},"opacity":1,"edgeAntialiasingMask":251658240,"height":1080,"hidden":false,"anchorPoint":{"pointX":0.5,"pointY":0.5}},"layers":[{"animations":[],"initialState":{"affineTransform":[1,0,0,1,0,0],"masksToBounds":false,"rotation":0,"scale":1,"position":{"pointX":960,"pointY":540},"width":1920,"sublayerTransform":[1,0,0,0,0,1,0,0,0,0,1,0,0,0,0,1],"contentsRect":{"y":0,"x":0,"width":1,"height":1},"opacity":1,"edgeAntialiasingMask":251658240,"height":1080,"hidden":false,"anchorPoint":{"pointX":0.5,"pointY":0.5}},"layers":[{"animations":[],"layers":[],"texturedRectangle":{"isBackgroundTexture":true,"singleTextureOpacity":1,"textureType":1,"textBaseline":0,"textXHeight":0,"isVerticalText":false},"initialState":{"affineTransform":[1,0,0,1,0,0],"masksToBounds":false,"rotation":0,"scale":1,"position":{"pointX":960,"pointY":540},"width":1920,"sublayerTransform":[1,0,0,0,0,1,0,0,0,0,1,0,0,0,0,1],"contentsRect":{"y":0,"x":0,"width":1,"height":1},"opacity":1,"edgeAntialiasingMask":0,"height":1080,"hidden":false,"anchorPoint":{"pointX":0.5,"pointY":0.5}},"texture":"5BA6DF7ACEF516F7DAB78587CF30CE20"}]}]},{"animations":[],"initialState":{"affineTransform":[1,0,0,1,0,0],"masksToBounds":false,"rotation":0,"scale":1,"position":{"pointX":973.30254364013672,"pointY":284.29559326171875},"width":1730,"sublayerTransform":[1,0,0,0,0,1,0,0,0,0,1,0,0,0,0,1],"contentsRect":{"y":0,"x":0,"width":1,"height":1},"opacity":1,"edgeAntialiasingMask":251658240,"height":305.06399536132812,"hidden":false,"anchorPoint":{"pointX":0.5,"pointY":0.5}},"layers":[{"animations":[],"layers":[],"texturedRectangle":{"singleTextureOpacity":1,"textXHeight":0.53018724637681158,"textBaseline":0.75878956670346476,"isBackgroundTexture":true,"isVerticalText":false,"textColor":[0.99990898370742798,1,0.99987810850143433,1],"textureType":6},"initialState":{"affineTransform":[1,0,0,1,0,0],"masksToBounds":false,"rotation":0,"scale":1,"position":{"pointX":865,"pointY":152.53199768066409},"width":1710,"sublayerTransform":[1,0,0,0,0,1,0,0,0,0,1,0,0,0,0,1],"contentsRect":{"y":0,"x":0,"width":1,"height":1},"opacity":1,"edgeAntialiasingMask":0,"height":69,"hidden":false,"anchorPoint":{"pointX":0.4984225401404308,"pointY":1.8738491777060688}},"texture":"DF4A1ABE0CA3332864506E8F34111A91"}]},{"animations":[],"initialState":{"affineTransform":[1,0,0,1,0,0],"masksToBounds":false,"rotation":0,"scale":1,"position":{"pointX":973.30254364013672,"pointY":284.29559326171875},"width":1730,"sublayerTransform":[1,0,0,0,0,1,0,0,0,0,1,0,0,0,0,1],"contentsRect":{"y":0,"x":0,"width":1,"height":1},"opacity":1,"edgeAntialiasingMask":251658240,"height":305.06399536132812,"hidden":false,"anchorPoint":{"pointX":0.5,"pointY":0.5}},"layers":[{"animations":[],"layers":[],"texturedRectangle":{"singleTextureOpacity":1,"textXHeight":0.53018724637681158,"textBaseline":0.7648912325138516,"isBackgroundTexture":true,"isVerticalText":false,"textColor":[0.99990898370742798,1,0.99987810850143433,1],"textureType":6},"initialState":{"affineTransform":[1,0,0,1,0,0],"masksToBounds":false,"rotation":0,"scale":1,"position":{"pointX":865,"pointY":152.53199768066409},"width":1614,"sublayerTransform":[1,0,0,0,0,1,0,0,0,0,1,0,0,0,0,1],"contentsRect":{"y":0,"x":0,"width":1,"height":1},"opacity":1,"edgeAntialiasingMask":0,"height":69,"hidden":false,"anchorPoint":{"pointX":0.49894829221817638,"pointY":-0.12615082229393115}},"texture":"83F9BC4245FF6CA5A95339B1E4DB0291"}]},{"animations":[],"initialState":{"affineTransform":[1,0,0,1,0,0],"masksToBounds":false,"rotation":0,"scale":1,"position":{"pointX":973.30254364013672,"pointY":284.29559326171875},"width":1730,"sublayerTransform":[1,0,0,0,0,1,0,0,0,0,1,0,0,0,0,1],"contentsRect":{"y":0,"x":0,"width":1,"height":1},"opacity":1,"edgeAntialiasingMask":251658240,"height":305.06399536132812,"hidden":false,"anchorPoint":{"pointX":0.5,"pointY":0.5}},"layers":[{"animations":[],"layers":[],"texturedRectangle":{"singleTextureOpacity":1,"textXHeight":0.53018724637681158,"textBaseline":0.76184039960865824,"isBackgroundTexture":true,"isVerticalText":false,"textColor":[0.99990898370742798,1,0.99987810850143433,1],"textureType":6},"initialState":{"affineTransform":[1,0,0,1,0,0],"masksToBounds":false,"rotation":0,"scale":1,"position":{"pointX":865,"pointY":152.53199768066409},"width":1664,"sublayerTransform":[1,0,0,0,0,1,0,0,0,0,1,0,0,0,0,1],"contentsRect":{"y":0,"x":0,"width":1,"height":1},"opacity":1,"edgeAntialiasingMask":0,"height":69,"hidden":false,"anchorPoint":{"pointX":0.49958085555296677,"pointY":0.87384917770606885}},"texture":"4C464120E8927592D9F3A3E762A3111D"}]},{"animations":[],"initialState":{"affineTransform":[1,0,0,1,0,0],"masksToBounds":false,"rotation":0,"scale":1,"position":{"pointX":973.30254364013672,"pointY":284.29559326171875},"width":1730,"sublayerTransform":[1,0,0,0,0,1,0,0,0,0,1,0,0,0,0,1],"contentsRect":{"y":0,"x":0,"width":1,"height":1},"opacity":1,"edgeAntialiasingMask":251658240,"height":305.06399536132812,"hidden":false,"anchorPoint":{"pointX":0.5,"pointY":0.5}},"layers":[{"animations":[],"layers":[],"texturedRectangle":{"singleTextureOpacity":1,"textXHeight":0.53018724637681158,"textBaseline":0.76794206541904531,"isBackgroundTexture":true,"isVerticalText":false,"textColor":[0.99990898370742798,1,0.99987810850143433,1],"textureType":6},"initialState":{"affineTransform":[1,0,0,1,0,0],"masksToBounds":false,"rotation":0,"scale":1,"position":{"pointX":865,"pointY":152.53199768066409},"width":916,"sublayerTransform":[1,0,0,0,0,1,0,0,0,0,1,0,0,0,0,1],"contentsRect":{"y":0,"x":0,"width":1,"height":1},"opacity":1,"edgeAntialiasingMask":0,"height":69,"hidden":false,"anchorPoint":{"pointX":0.50033028781674316,"pointY":-1.1261508222939307}},"texture":"CF8E4BDD0744F490D169E12D06EF9F9F"}]},{"animations":[],"initialState":{"affineTransform":[1,0,0,1,0,0],"masksToBounds":false,"rotation":0,"scale":1,"position":{"pointX":973.30253982543945,"pointY":540},"width":1365.8639907836914,"sublayerTransform":[1,0,0,0,0,1,0,0,0,0,1,0,0,0,0,1],"contentsRect":{"y":0,"x":0,"width":1,"height":1},"opacity":1,"edgeAntialiasingMask":251658240,"height":63.656008243560791,"hidden":false,"anchorPoint":{"pointX":0.5,"pointY":0.5}},"layers":[{"animations":[],"layers":[],"texturedRectangle":{"singleTextureOpacity":1,"textXHeight":0.50644897959183677,"textBaseline":0.74702295478509395,"isBackgroundTexture":true,"isVerticalText":false,"textColor":[0.99990898370742798,1,0.99987810850143433,1],"textureType":6},"initialState":{"affineTransform":[1,0,0,1,0,0],"masksToBounds":false,"rotation":0,"scale":1,"position":{"pointX":682.93199999999979,"pointY":31.8280029296875},"width":1343,"sublayerTransform":[1,0,0,0,0,1,0,0,0,0,1,0,0,0,0,1],"contentsRect":{"y":0,"x":0,"width":1,"height":1},"opacity":1,"edgeAntialiasingMask":0,"height":49,"hidden":false,"anchorPoint":{"pointX":0.50580978736678595,"pointY":0.38775507771238987}},"texture":"1937937BB3A3CA35C139DE4791FE2B04"}]},{"animations":[],"initialState":{"affineTransform":[1,0,0,1,0,0],"masksToBounds":false,"rotation":0,"scale":1,"position":{"pointX":278.16352889475837,"pointY":842.670864303803},"width":238.05146915285354,"sublayerTransform":[1,0,0,0,0,1,0,0,0,0,1,0,0,0,0,1],"contentsRect":{"y":0,"x":0,"width":1,"height":1},"opacity":1,"edgeAntialiasingMask":251658240,"height":194.90717441663321,"hidden":false,"anchorPoint":{"pointX":0.5,"pointY":0.5}},"layers":[{"animations":[],"layers":[],"texturedRectangle":{"singleTextureOpacity":1,"textXHeight":0,"shapePath":{"lineWidth":1,"flatness":0.59999999999999998,"lineCapStyle":0,"elements":[{"type":"MoveToPoint","points":[[200.18914465972944,1.2391990959856685]]},{"type":"AddCurve","points":[[199.9075272165494,1.2856735405061954],[199.62775973333879,1.4027771962616953],[199.38982513913675,1.6109756171915706]]},{"type":"AddCurve","points":[[195.04747537145181,5.5369356811258967],[191.42265369485187,11.541127093443606],[189.81657971808477,16.53780294360854]]},{"type":"AddCurve","points":[[189.40019001433416,17.846456298253315],[188.57114740700285,18.928323595592701],[187.38144350418611,19.642136895677822]]},{"type":"AddCurve","points":[[178.81571245560212,24.638813340685147],[179.47002604639096,38.669661035523177],[175.48459482559724,50.982897633335369]]},{"type":"AddCurve","points":[[172.15347719559236,61.154703253528851],[158.65804836521909,65.076921758553794],[150.09225842723413,68.289094695470112]]},{"type":"AddCurve","points":[[141.52652737865014,71.560728082082051],[81.685364249129719,94.941767776939628],[81.685378525348142,150.61900531651713]]},{"type":"AddCurve","points":[[80.257756683917478,175.54290270331842],[70.491167247195676,179.95220912505124],[51.218292612524465,179.95217283966281]]},{"type":"AddCurve","points":[[31.945398348052919,179.95217283966281],[18.981577226670225,161.97303826497534],[14.877137664647535,154.00217165949084]]},{"type":"AddCurve","points":[[9.8209769762472661,144.06830360771164],[-2.4365205061359916,149.61157184262015],[2.1437918133453877,159.4858753472779]]},{"type":"AddCurve","points":[[5.8318149037079365,167.39728031338188],[21.94833126188081,196.12445627085901],[52.761165175528959,196.12445151211955]]},{"type":"AddCurve","points":[[77.328158291657417,196.12445151211955],[89.343944525225595,189.46967617107373],[93.210450682731107,186.79286082985141]]},{"type":"AddCurve","points":[[93.983745846839383,186.25750263931491],[95.058206761033944,186.4247295030807],[95.534053940267995,187.25758148135878]]},{"type":"AddCurve","points":[[98.270329136343435,191.77838397922255],[102.84687134447853,196.12445448633173],[108.67635396489663,196.12445151211955]]},{"type":"AddCurve","points":[[108.67635396489663,196.12445151211955],[163.23829822624486,196.12445151211955],[167.34268901118799,196.12445151211955]]},{"type":"AddCurve","points":[[171.44710180530114,196.12445151211955],[173.76326179946227,194.15401156118855],[173.94172226259275,190.28756012918689]]},{"type":"AddCurve","points":[[174.12017499277158,186.89695825578906],[172.02705592795178,183.03796198401187],[167.26833370694681,183.0379179656718]]},{"type":"AddCurve","points":[[158.28621295461221,183.0379179656718],[154.95510841114088,173.46098154731726],[162.21217301854654,168.76169955136515]]},{"type":"AddCurve","points":[[168.10111311444803,164.89522373082377],[174.59981964610381,160.49336295183639],[181.02406499156518,155.6751660049174]]},{"type":"AddCurve","points":[[181.67839166888757,155.19929205777385],[182.55572120563551,155.55618324191312],[182.73423698911233,156.27000843884684]]},{"type":"AddCurve","points":[[186.06535461911722,170.96261596206159],[192.86149545427133,196.12443485653137],[200.35644409427209,196.12445151211955]]},{"type":"AddCurve","points":[[210.94464001305857,196.12445151211955],[207.89977424363656,196.12445151211955],[212.12317099043889,196.12445151211955]]},{"type":"AddCurve","points":[[216.34655227133794,196.12445151211955],[218.7221709306674,194.03504783314202],[218.72220424184366,189.99013891222216]]},{"type":"AddCurve","points":[[218.72220424184366,186.4210843086455],[216.29827485940018,183.16064526179775],[211.36102912196679,182.38730905356147]]},{"type":"AddCurve","points":[[209.16011211642785,182.0304035932038],[207.308660282083,180.48008836166605],[206.71382260689302,178.27917849423625]]},{"type":"AddCurve","points":[[204.2749686277823,169.65396320225932],[203.21172644189164,153.76793579554305],[203.92549869784875,136.6959745973561]]},{"type":"AddCurve","points":[[203.9849829412417,135.74422670306899],[204.33441896515654,134.91891197327118],[204.92929530510469,134.20507190527655]]},{"type":"AddCurve","points":[[214.56574213991928,123.43842385115363],[221.28744379804891,111.48210461054782],[221.28746223816438,98.811947086474675]]},{"type":"AddCurve","points":[[221.28746223816438,80.907189230356039],[212.59904969632197,75.854722513470392],[217.47675289580388,57.414631450197476]]},{"type":"AddCurve","points":[[219.61818565794988,49.38425859214999],[226.15770135478544,48.008691412112512],[226.1577346659617,48.008685463688153]]},{"type":"AddCurve","points":[[226.1577346659617,48.008685463688153],[238.71637469957631,49.551546129843928],[237.34820795425935,36.167603263280171]]},{"type":"AddCurve","points":[[237.28872371086641,35.632245072743672],[237.40398394991917,35.100593940255408],[237.70139564940496,34.624730700275677]]},{"type":"AddCurve","points":[[238.53417505690618,33.672982805988568],[238.89481791227627,32.721231342646888],[239.13273525604768,31.947939747593182]]},{"type":"AddCurve","points":[[239.37067222961946,30.996191853306073],[238.83532355656189,30.037022109970849],[237.94305038818879,29.680102968237179]]},{"type":"AddCurve","points":[[234.31451154121919,28.252481126806515],[228.36608660708231,25.110939185652569],[223.96425319084688,19.995324590823429]]},{"type":"AddCurve","points":[[220.33571434387727,15.712459066531437],[211.1193833058195,15.355550037119201],[206.36063491174741,15.534006336352604]]},{"type":"AddCurve","points":[[204.75456034013791,15.593490579745549],[203.37525992898509,14.33317769033647],[203.25630095967813,12.727093601248043]]},{"type":"AddCurve","points":[[203.13733247289224,11.180503273031491],[202.60198379983473,6.6002153420898821],[202.06661609181924,2.6147722244475062]]},{"type":"AddCurve","points":[[201.93277654418512,1.6332822084639247],[201.03399758411217,1.0997757624242013],[200.18914465972944,1.2391990959856685]]},{"type":"CloseSubpath"},{"type":"MoveToPoint","points":[[200.18914465972944,1.2391990959856685]]}],"windingRule":0,"lineJoinStyle":0,"miterLimit":10},"isBackgroundTexture":true,"textBaseline":0,"isVerticalText":false,"textureType":5},"initialState":{"affineTransform":[1,0,0,1,0,0],"masksToBounds":false,"rotation":0,"scale":1,"position":{"pointX":119.02573394775391,"pointY":97.453582763671875},"width":241,"sublayerTransform":[1,0,0,0,0,1,0,0,0,0,1,0,0,0,0,1],"contentsRect":{"y":0,"x":0,"width":1,"height":1},"opacity":1,"edgeAntialiasingMask":0,"height":198,"hidden":false,"anchorPoint":{"pointX":0.49860385172649591,"pointY":0.49833767605635459}},"texture":"FFEA61B63929B9571AF7D015A9BADCE2"}]},{"animations":[],"initialState":{"affineTransform":[1,0,0,1,0,0],"masksToBounds":false,"rotation":0,"scale":1,"position":{"pointX":1555.6086723843873,"pointY":842.67086417689507},"width":230.47624279351317,"sublayerTransform":[1,0,0,0,0,1,0,0,0,0,1,0,0,0,0,1],"contentsRect":{"y":0,"x":0,"width":1,"height":1},"opacity":1,"edgeAntialiasingMask":251658240,"height":188.70486844530649,"hidden":false,"anchorPoint":{"pointX":0.5,"pointY":0.5}},"layers":[{"animations":[],"layers":[],"texturedRectangle":{"singleTextureOpacity":1,"textXHeight":0,"shapePath":{"lineWidth":1,"flatness":0.59999999999999998,"lineCapStyle":0,"elements":[{"type":"MoveToPoint","points":[[39.129615948550736,1.3396543564069816]]},{"type":"AddCurve","points":[[39.402264445644278,1.3846498951301101],[39.673137818763962,1.4980270879930231],[39.903499699212944,1.6996002346764953]]},{"type":"AddCurve","points":[[44.107661137732748,5.5006290188334788],[47.617133960503224,11.31375547004609],[49.172107410632407,16.151428056138684]]},{"type":"AddCurve","points":[[49.575236307546902,17.418436941430627],[50.377908702458399,18.465877513655869],[51.529753255673086,19.156976265090634]]},{"type":"AddCurve","points":[[59.822903980230649,23.99464994965092],[59.189413202867172,37.579008841101313],[63.048023032971059,49.500412872304878]]},{"type":"AddCurve","points":[[66.27314208571147,59.348536027751834],[79.3391090623943,63.145938838712027],[87.632330088891422,66.25589420484539]]},{"type":"AddCurve","points":[[95.925480813448985,69.423418065776787],[153.86239009609722,92.060429355024098],[153.86238130835477,145.96591227339741]]},{"type":"AddCurve","points":[[155.24457016653355,170.09669023204697],[164.70036997364173,174.36568719250135],[183.35994592228258,174.36565204153521]]},{"type":"AddCurve","points":[[202.01954164334393,174.36565204153521],[214.57083141592102,156.95864755156435],[218.54466063262248,149.24142869005664]]},{"type":"AddCurve","points":[[223.43992528797412,139.62366739121717],[235.30736749819243,144.99054326490659],[230.87280895959952,154.5506306160496]]},{"type":"AddCurve","points":[[227.3021452325213,162.21027219501775],[211.69848420048265,190.02329839954837],[181.86617031053925,190.02329839954837]]},{"type":"AddCurve","points":[[158.08094585674166,190.02329839954837],[146.44752150244653,183.58028448518235],[142.70405746159736,180.98865647802813]]},{"type":"AddCurve","points":[[141.9553681685245,180.47032033130745],[140.91509279338948,180.63222568135461],[140.45439539571885,181.43858884463771]]},{"type":"AddCurve","points":[[137.80518983184334,185.81551684662918],[133.37427827501938,190.02329839954837],[127.73030675110999,190.02329839954837]]},{"type":"AddCurve","points":[[127.73030675110999,190.02329839954837],[74.904620894395293,190.02329839954837],[70.93083891180936,190.02329839954837]]},{"type":"AddCurve","points":[[66.957039353738537,190.02329839954837],[64.714583236664794,188.11555001415763],[64.54179864471439,184.37214787493212]]},{"type":"AddCurve","points":[[64.369014052763987,181.08943429795545],[66.395537762483173,177.35323810678892],[71.002828097917472,177.35320295582278]]},{"type":"AddCurve","points":[[79.69912529487442,177.35320295582278],[82.924226772129941,168.08101080511915],[75.898092753269111,163.53128065357669]]},{"type":"AddCurve","points":[[70.196552728603592,159.78784336338504],[63.904634591008971,155.52605235098963],[57.68482866791669,150.8611852098511]]},{"type":"AddCurve","points":[[57.051320315068324,150.40044392115306],[56.201914705835179,150.74597791832275],[56.029077387430107,151.43709863911135]]},{"type":"AddCurve","points":[[52.803958334689696,165.66214979654978],[46.224083452662626,190.0232808240653],[38.967640279807483,190.02329839954837]]},{"type":"AddCurve","points":[[28.716369632721353,190.02329839954837],[31.664340864236465,190.02329839954837],[27.575351578198706,190.02329839954837]]},{"type":"AddCurve","points":[[23.486362292160948,190.02329839954837],[21.186346462073516,188.00037787359543],[21.186311311103736,184.084191160302]]},{"type":"AddCurve","points":[[21.186311311103736,180.62871058474047],[23.533095506482596,177.47201322138062],[28.313240735806858,176.72329764256938]]},{"type":"AddCurve","points":[[30.444110099316049,176.37774606991661],[32.23665137869898,174.87676466471385],[32.812564867563879,172.74589552174075]]},{"type":"AddCurve","points":[[35.173813687006941,164.39515079746707],[36.203209836995256,149.0146346565125],[35.512159346618091,132.48593856977459]]},{"type":"AddCurve","points":[[35.454564482634623,131.5644823556031],[35.116253973993253,130.76543059327742],[34.540305334158575,130.07430108474728]]},{"type":"AddCurve","points":[[25.21049978435326,119.6502732877816],[18.702701965858751,108.07442742003695],[18.702684390373861,95.807452043762169]]},{"type":"AddCurve","points":[[18.702684390373861,78.472463095673447],[27.114610241815853,73.580771163895406],[22.392130178414618,55.727476826181373]]},{"type":"AddCurve","points":[[20.318838103404005,47.952645531167946],[13.987427851262282,46.620854513745144],[13.987392700292503,46.620845726003608]]},{"type":"AddCurve","points":[[13.987392700292503,46.620845726003608],[1.828391045856506,48.114612395405857],[3.1530201910215965,35.156571221727063]]},{"type":"AddCurve","points":[[3.2106150550050643,34.638248256618681],[3.0990107259556225,34.123515083927487],[2.8110715570080629,33.662795764583279]]},{"type":"AddCurve","points":[[2.0047961876941827,32.741335156541027],[1.6556240293909923,31.819870154628006],[1.4252797244269004,31.071185332912137]]},{"type":"AddCurve","points":[[1.1949178439779189,30.149724724869884],[1.7132188933744601,29.221075744251721],[2.5771067021566978,28.875515383857419]]},{"type":"AddCurve","points":[[6.0901824993295577,27.493322274858656],[11.849317387978545,24.45175091641795],[16.111073690481817,19.49892486371391]]},{"type":"AddCurve","points":[[19.624149487654677,15.352347733653005],[28.547188015173333,15.006796161000238],[33.154513501577412,15.179574144262006]]},{"type":"AddCurve","points":[[34.709469376221705,15.237165706881569],[36.044889869109056,14.01695813607148],[36.160062021591102,12.461982649940182]]},{"type":"AddCurve","points":[[36.275234174073148,10.964607514169984],[36.793552798954579,6.5300731202451061],[37.3118889993209,2.6714542152074046]]},{"type":"AddCurve","points":[[37.44147304941248,1.721197002004601],[38.311635306300332,1.2046677316557179],[39.129615948550736,1.3396543564069816]]},{"type":"CloseSubpath"},{"type":"MoveToPoint","points":[[39.129615948550736,1.3396543564069816]]}],"windingRule":0,"lineJoinStyle":0,"miterLimit":10},"isBackgroundTexture":true,"textBaseline":0,"isVerticalText":false,"textureType":5},"initialState":{"affineTransform":[1,0,0,1,0,0],"masksToBounds":false,"rotation":0,"scale":1,"position":{"pointX":115.23812177329364,"pointY":94.352432251342975},"width":233,"sublayerTransform":[1,0,0,0,0,1,0,0,0,0,1,0,0,0,0,1],"contentsRect":{"y":0,"x":0,"width":1,"height":1},"opacity":1,"edgeAntialiasingMask":0,"height":192,"hidden":false,"anchorPoint":{"pointX":0.5004664066992458,"pointY":0.49828574065408776}},"texture":"F35BDCA9E0A6280D0611243CE9535EAC"}]},{"animations":[],"initialState":{"affineTransform":[1,0,0,1,0,0],"masksToBounds":false,"rotation":0,"scale":1,"position":{"pointX":311.74600823993899,"pointY":999.7080107025339},"width":107.05444206856191,"sublayerTransform":[1,0,0,0,0,1,0,0,0,0,1,0,0,0,0,1],"contentsRect":{"y":0,"x":0,"width":1,"height":1},"opacity":1,"edgeAntialiasingMask":251658240,"height":40.972795635461807,"hidden":false,"anchorPoint":{"pointX":0.5,"pointY":0.5}},"layers":[{"animations":[],"layers":[],"texturedRectangle":{"singleTextureOpacity":1,"textXHeight":0,"shapePath":{"lineWidth":1,"flatness":0.59999999999999998,"lineCapStyle":0,"elements":[{"type":"MoveToPoint","points":[[16.315781021743192,1.2216128848029939]]},{"type":"AddCurve","points":[[7.9928444436782229,1.2216128848029939],[1.2187898732660187,10.401529683492868],[1.2187872056580318,21.712178840441879]]},{"type":"AddCurve","points":[[1.2187872056580318,33.02283760078069],[7.9661686308081698,42.194397583070895],[16.315781021743192,42.194408520264801]]},{"type":"AddCurve","points":[[23.278238072156284,42.194408520264801],[29.145319006398609,35.793820216941072],[30.879253245211316,27.097413017554459]]},{"type":"AddCurve","points":[[31.03930972299645,26.243778373999817],[31.81792099835144,25.630226339858268],[32.671552345409168,25.63022847394484]]},{"type":"AddLine","points":[[35.680947578764631,25.63022847394484]]},{"type":"AddLine","points":[[35.680947578764631,26.247112884326157]]},{"type":"AddCurve","points":[[35.680947578764631,27.100747527880799],[36.377862293206988,27.789320442388657],[37.231494707307888,27.78932391027945]]},{"type":"AddCurve","points":[[38.085129255495133,27.78932391027945],[38.78204396993749,27.10075072901077],[38.782041835851146,26.247112884326157]]},{"type":"AddLine","points":[[38.782041835851146,25.63022847394484]]},{"type":"AddLine","points":[[78.929541680283023,25.63022847394484]]},{"type":"AddLine","points":[[78.929541680283023,26.247112884326157]]},{"type":"AddCurve","points":[[78.929541680283023,27.100747527880799],[79.618103847432167,27.789320442388657],[80.47175253394164,27.78932391027945]]},{"type":"AddCurve","points":[[81.325387082128884,27.78932391027945],[82.022301796571242,27.10075072901077],[82.022299662484897,26.247112884326157]]},{"type":"AddLine","points":[[82.022299662484897,25.63022847394484]]},{"type":"AddLine","points":[[89.941760802894009,25.63022847394484]]},{"type":"AddCurve","points":[[90.261873758464276,25.63022847394484],[90.533638453789877,25.901998534848417],[90.533636319703533,26.222104056878266]]},{"type":"AddLine","points":[[90.533636319703533,32.115851058764633]]},{"type":"AddCurve","points":[[90.533636319703533,32.435964050097596],[90.261860687185219,32.699381829535696],[89.941760802894009,32.699390365882095]]},{"type":"AddLine","points":[[89.491601959123386,32.699390365882095]]},{"type":"AddCurve","points":[[89.17148900355312,32.699390365882095],[88.899724308227519,32.971160426785673],[88.899726442313863,33.291265948815521]]},{"type":"AddLine","points":[[88.899726442313863,36.725811584992584]]},{"type":"AddCurve","points":[[88.899726442313863,37.045924576325547],[89.171502074832176,37.317694903989945],[89.491601959123386,37.31768716792601]]},{"type":"AddLine","points":[[93.493013903751148,37.31768716792601]]},{"type":"AddCurve","points":[[93.813126859321414,37.31768716792601],[94.07654460933054,37.04590616982864],[94.07655314567603,36.725811584992584]]},{"type":"AddLine","points":[[94.07655314567603,34.700096561713394]]},{"type":"AddCurve","points":[[94.07655314567603,34.379983570380432],[94.348328778194343,34.116565790942332],[94.668428662485553,34.116557254595932]]},{"type":"AddLine","points":[[96.560763061299099,34.116557254595932]]},{"type":"AddCurve","points":[[96.880876016869365,34.116557254595932],[97.144293766878491,34.379974767273097],[97.144302303223981,34.700096561713394]]},{"type":"AddLine","points":[[97.144302303223981,36.725811584992584]]},{"type":"AddCurve","points":[[97.144302303223981,37.045924576325547],[97.416077935742294,37.317694903989945],[97.736177820033504,37.31768716792601]]},{"type":"AddLine","points":[[101.73758976466127,37.31768716792601]]},{"type":"AddCurve","points":[[102.05770272023153,37.31768716792601],[102.321109533048,37.04590616982864],[102.32112900658615,36.725811584992584]]},{"type":"AddLine","points":[[102.32112900658615,33.291265948815521]]},{"type":"AddCurve","points":[[102.32112900658615,32.971152957482559],[102.05771152333773,32.69938262981816],[101.73758976466127,32.699390365882095]]},{"type":"AddLine","points":[[101.279094646006,32.699390365882095]]},{"type":"AddCurve","points":[[100.95898169043573,32.699390365882095],[100.69556394042661,32.43597285320493],[100.69555540408112,32.115851058764633]]},{"type":"AddLine","points":[[100.69555540408112,26.222104056878266]]},{"type":"AddCurve","points":[[100.69555540408112,25.901991065545303],[100.95898382452219,25.630220737880904],[101.279094646006,25.63022847394484]]},{"type":"AddLine","points":[[106.90608019313879,25.63022847394484]]},{"type":"AddCurve","points":[[107.65301042280259,25.63022847394484],[108.27325968495074,25.01835329835626],[108.27322927421994,24.271415515942749]]},{"type":"AddLine","points":[[108.27322927421994,19.15294216494101]]},{"type":"AddCurve","points":[[108.21987711495819,18.406011851830613],[107.60299277349475,17.785795065209527],[106.85606254383094,17.785792931122955]]},{"type":"AddLine","points":[[82.022299662484897,17.785792931122955]]},{"type":"AddLine","points":[[82.022299662484897,17.177244796557602]]},{"type":"AddCurve","points":[[82.022299662484897,16.32361015300296],[81.325374010849885,15.626684690268689],[80.47175253394164,15.626697494788345]]},{"type":"AddCurve","points":[[79.618117985754395,15.626697494788345],[78.92956675579785,16.323623224283438],[78.929541680283023,17.177244796557602]]},{"type":"AddLine","points":[[78.929541680283023,17.785792931122955]]},{"type":"AddLine","points":[[38.782041835851146,17.785792931122955]]},{"type":"AddLine","points":[[38.782041835851146,17.177244796557602]]},{"type":"AddCurve","points":[[38.782041835851146,16.32361015300296],[38.085127121408789,15.626684690268689],[37.231494707307888,15.626697494788345]]},{"type":"AddCurve","points":[[36.377860159120644,15.626697494788345],[35.680945444678287,16.323623224283438],[35.680947578764631,17.177244796557602]]},{"type":"AddLine","points":[[35.680947578764631,17.785792931122955]]},{"type":"AddLine","points":[[32.671552345409168,17.785792931122955]]},{"type":"AddCurve","points":[[31.817917797221924,17.785792931122955],[31.03930118665096,17.172240896981407],[30.879253245211316,16.318608387513336]]},{"type":"AddCurve","points":[[29.145308069205953,7.6222051895391587],[23.278231403136374,1.2216128848029939],[16.315781021743192,1.2216128848029939]]},{"type":"CloseSubpath"},{"type":"MoveToPoint","points":[[16.290772197089268,7.0153245768977968]]},{"type":"AddCurve","points":[[20.265508062086155,7.0153245768977968],[23.493317698831163,10.823339104281558],[23.493313697419239,15.518325909180817]]},{"type":"AddCurve","points":[[23.493313697419239,17.385651691956696],[22.988138640539546,19.124606296469892],[22.134500891222729,20.5117551229431]]},{"type":"AddCurve","points":[[21.68100753749826,21.232009353442322],[21.68100753749826,22.190675470300903],[22.134500891222729,22.93761138538855]]},{"type":"AddCurve","points":[[22.988135439409973,24.351443763776047],[23.493310229528902,26.055376406472419],[23.493313697419239,27.92270432333487]]},{"type":"AddCurve","points":[[23.493313697419239,32.617694862885628],[20.265509129129384,36.434032328044054],[16.290772197089268,36.434041931433853]]},{"type":"AddCurve","points":[[12.316036332092381,36.434041931433853],[9.0882266953473732,32.617699131058885],[9.0882306967592967,27.92270432333487]]},{"type":"AddCurve","points":[[9.0882306967592967,26.055378540558991],[9.5933974840543215,24.3247655470783],[10.447043502955808,22.93761138538855]]},{"type":"AddCurve","points":[[10.900536856680276,22.190681072278153],[10.900545126264944,21.258695039443182],[10.447043502955808,20.5117551229431]]},{"type":"AddCurve","points":[[9.593408954768563,19.097922744555603],[9.0882341646496343,17.385648224065903],[9.0882306967592967,15.518325909180817]]},{"type":"AddCurve","points":[[9.0882306967592967,10.823335369630058],[12.316035265049152,7.0153259107019039],[16.290772197089268,7.0153245768977968]]},{"type":"CloseSubpath"},{"type":"MoveToPoint","points":[[16.290772197089268,7.0153245768977968]]}],"windingRule":0,"lineJoinStyle":0,"miterLimit":10},"isBackgroundTexture":true,"textBaseline":0,"isVerticalText":false,"textureType":5},"initialState":{"affineTransform":[1,0,0,1,0,0],"masksToBounds":false,"rotation":0,"scale":1,"position":{"pointX":53.5272216796875,"pointY":20.486396789550781},"width":110,"sublayerTransform":[1,0,0,0,0,1,0,0,0,0,1,0,0,0,0,1],"contentsRect":{"y":0,"x":0,"width":1,"height":1},"opacity":1,"edgeAntialiasingMask":0,"height":44,"hidden":true,"anchorPoint":{"pointX":0.49769098986677757,"pointY":0.49336385623531309}},"texture":"8C32BEDAE33DDDAC01816E910BB294CA"}]}]}}]}