{"assets":{"83F9BC4245FF6CA5A95339B1E4DB0291":{"type":"texture","index":3,"url":{"native":"assets\/AAF9597B-E032-4E23-8C6B-5F0C8D7ECF0C.pdf"},"width":1614,"height":69},"63923EB2BF62E7A88B03B04586E5077E":{"type":"texture","index":9,"url":{"native":"assets\/AAF9597B-E032-4E23-8C6B-5F0C8D7ECF0C.pdf"},"width":110,"height":44},"CF8E4BDD0744F490D169E12D06EF9F9F":{"type":"texture","index":1,"url":{"native":"assets\/AAF9597B-E032-4E23-8C6B-5F0C8D7ECF0C.pdf"},"width":916,"height":69},"4C464120E8927592D9F3A3E762A3111D":{"type":"texture","index":2,"url":{"native":"assets\/AAF9597B-E032-4E23-8C6B-5F0C8D7ECF0C.pdf"},"width":1664,"height":69},"5BA6DF7ACEF516F7DAB78587CF30CE20":{"type":"texture","index":0,"url":{"native":"assets\/AAF9597B-E032-4E23-8C6B-5F0C8D7ECF0C.pdf"},"width":1920,"height":1080},"DF4A1ABE0CA3332864506E8F34111A91":{"type":"texture","index":4,"url":{"native":"assets\/AAF9597B-E032-4E23-8C6B-5F0C8D7ECF0C.pdf"},"width":1710,"height":69},"235AE52CEB10D3079D7B5FBD9551DD11":{"type":"texture","index":7,"url":{"native":"assets\/AAF9597B-E032-4E23-8C6B-5F0C8D7ECF0C.pdf"},"width":233,"height":192},"8C32BEDAE33DDDAC01816E910BB294CA":{"type":"texture","index":8,"url":{"native":"assets\/AAF9597B-E032-4E23-8C6B-5F0C8D7ECF0C.pdf"},"width":110,"height":44},"15C82D643049B875A80E4C8B615AE283":{"type":"texture","index":6,"url":{"native":"assets\/AAF9597B-E032-4E23-8C6B-5F0C8D7ECF0C.pdf"},"width":241,"height":198},"1937937BB3A3CA35C139DE4791FE2B04":{"type":"texture","index":5,"url":{"native":"assets\/AAF9597B-E032-4E23-8C6B-5F0C8D7ECF0C.pdf"},"width":1343,"height":49}},"events":[{"effects":[{"beginTime":0,"baseLayer":{"animations":[],"initialState":{"affineTransform":[1,0,0,1,0,0],"masksToBounds":false,"rotation":0,"scale":1,"position":{"pointX":960,"pointY":540},"width":1920,"sublayerTransform":[1,0,0,0,0,1,0,0,0,0,1,0,0,0,0,1],"contentsRect":{"y":0,"x":0,"width":1,"height":1},"opacity":1,"edgeAntialiasingMask":251658240,"height":1080,"hidden":false,"anchorPoint":{"pointX":0.5,"pointY":0.5}},"objectID":"0","layers":[{"animations":[],"initialState":{"affineTransform":[1,0,0,1,0,0],"masksToBounds":false,"rotation":0,"scale":1,"position":{"pointX":960,"pointY":540},"width":1920,"sublayerTransform":[1,0,0,0,0,1,0,0,0,0,1,-0.00035007912466775983,0,0,0,1],"contentsRect":{"y":0,"x":0,"width":1,"height":1},"opacity":1,"edgeAntialiasingMask":251658240,"height":1080,"hidden":false,"anchorPoint":{"pointX":0.5,"pointY":0.5}},"layers":[{"animations":[{"additive":false,"timeOffset":0,"beginTime":0,"repeatCount":0,"fillMode":"both","duration":1,"autoreverses":false,"animations":[{"repeatCount":0,"removedOnCompletion":true,"from":{"scalar":0},"timingFunction":"EaseInEaseOut","additive":false,"timeOffset":0,"autoreverses":false,"property":"zPosition","fillMode":"both","duration":1,"beginTime":0,"to":{"scalar":0}}],"removedOnCompletion":false}],"initialState":{"affineTransform":[1,0,0,1,0,0],"masksToBounds":false,"rotation":0,"scale":1,"position":{"pointX":960,"pointY":540},"width":1920,"sublayerTransform":[1,0,0,0,0,1,0,0,0,0,1,0,0,0,0,1],"contentsRect":{"y":0,"x":0,"width":1,"height":1},"opacity":1,"edgeAntialiasingMask":251658240,"height":1080,"hidden":false,"anchorPoint":{"pointX":0.5,"pointY":0.5}},"layers":[{"animations":[],"layers":[],"texturedRectangle":{"isBackgroundTexture":true,"singleTextureOpacity":1,"textureType":1,"textBaseline":0,"textXHeight":0,"isVerticalText":false},"initialState":{"affineTransform":[1,0,0,1,0,0],"masksToBounds":false,"rotation":0,"scale":1,"position":{"pointX":960,"pointY":540},"width":1920,"sublayerTransform":[1,0,0,0,0,1,0,0,0,0,1,0,0,0,0,1],"contentsRect":{"y":0,"x":0,"width":1,"height":1},"opacity":1,"edgeAntialiasingMask":0,"height":1080,"hidden":false,"anchorPoint":{"pointX":0.5,"pointY":0.5}},"texture":"5BA6DF7ACEF516F7DAB78587CF30CE20"}]}]},{"animations":[{"additive":false,"timeOffset":0,"beginTime":0,"repeatCount":0,"fillMode":"both","duration":1,"autoreverses":false,"animations":[{"repeatCount":0,"removedOnCompletion":true,"from":{"scalar":0.001},"timingFunction":"EaseInEaseOut","additive":false,"timeOffset":0,"autoreverses":false,"property":"zPosition","fillMode":"both","duration":1,"beginTime":0,"to":{"scalar":0.001}}],"removedOnCompletion":false}],"initialState":{"affineTransform":[1,0,0,1,0,0],"masksToBounds":false,"rotation":0,"scale":1,"position":{"pointX":973.30254364013672,"pointY":284.29559326171875},"width":1730,"sublayerTransform":[1,0,0,0,0,1,0,0,0,0,1,0,0,0,0,1],"contentsRect":{"y":0,"x":0,"width":1,"height":1},"opacity":1,"edgeAntialiasingMask":251658240,"height":305.06399536132812,"hidden":false,"anchorPoint":{"pointX":0.5,"pointY":0.5}},"layers":[{"animations":[{"additive":false,"timeOffset":0,"beginTime":0,"repeatCount":0,"fillMode":"both","duration":1,"autoreverses":false,"animations":[{"repeatCount":0,"removedOnCompletion":true,"from":{"texture":"CF8E4BDD0744F490D169E12D06EF9F9F"},"timingFunction":"EaseInEaseOut","additive":false,"timeOffset":0,"autoreverses":false,"property":"contents","fillMode":"both","duration":1,"beginTime":0,"to":{"texture":"CF8E4BDD0744F490D169E12D06EF9F9F"}}],"removedOnCompletion":false}],"layers":[],"texturedRectangle":{"singleTextureOpacity":1,"textXHeight":0.53018724637681158,"textBaseline":0.76794206541904531,"isBackgroundTexture":true,"isVerticalText":false,"textColor":[0.99990898370742798,1,0.99987810850143433,1],"textureType":6},"initialState":{"affineTransform":[1,0,0,1,0,0],"masksToBounds":false,"rotation":0,"scale":1,"position":{"pointX":865,"pointY":152.53199768066409},"width":916,"sublayerTransform":[1,0,0,0,0,1,0,0,0,0,1,0,0,0,0,1],"contentsRect":{"y":0,"x":0,"width":1,"height":1},"opacity":1,"edgeAntialiasingMask":0,"height":69,"hidden":false,"anchorPoint":{"pointX":0.50033028781674316,"pointY":-1.1261508222939307}},"texture":"CF8E4BDD0744F490D169E12D06EF9F9F"}]},{"animations":[{"additive":false,"timeOffset":0,"beginTime":0,"repeatCount":0,"fillMode":"both","duration":1,"autoreverses":false,"animations":[{"repeatCount":0,"removedOnCompletion":true,"from":{"scalar":0.002},"timingFunction":"EaseInEaseOut","additive":false,"timeOffset":0,"autoreverses":false,"property":"zPosition","fillMode":"both","duration":1,"beginTime":0,"to":{"scalar":0.002}}],"removedOnCompletion":false}],"initialState":{"affineTransform":[1,0,0,1,0,0],"masksToBounds":false,"rotation":0,"scale":1,"position":{"pointX":973.30254364013672,"pointY":284.29559326171875},"width":1730,"sublayerTransform":[1,0,0,0,0,1,0,0,0,0,1,0,0,0,0,1],"contentsRect":{"y":0,"x":0,"width":1,"height":1},"opacity":1,"edgeAntialiasingMask":251658240,"height":305.06399536132812,"hidden":false,"anchorPoint":{"pointX":0.5,"pointY":0.5}},"layers":[{"animations":[{"additive":false,"timeOffset":0,"beginTime":0,"repeatCount":0,"fillMode":"both","duration":1,"autoreverses":false,"animations":[{"repeatCount":0,"removedOnCompletion":true,"from":{"texture":"4C464120E8927592D9F3A3E762A3111D"},"timingFunction":"EaseInEaseOut","additive":false,"timeOffset":0,"autoreverses":false,"property":"contents","fillMode":"both","duration":1,"beginTime":0,"to":{"texture":"4C464120E8927592D9F3A3E762A3111D"}}],"removedOnCompletion":false}],"layers":[],"texturedRectangle":{"singleTextureOpacity":1,"textXHeight":0.53018724637681158,"textBaseline":0.76184039960865824,"isBackgroundTexture":true,"isVerticalText":false,"textColor":[0.99990898370742798,1,0.99987810850143433,1],"textureType":6},"initialState":{"affineTransform":[1,0,0,1,0,0],"masksToBounds":false,"rotation":0,"scale":1,"position":{"pointX":865,"pointY":152.53199768066409},"width":1664,"sublayerTransform":[1,0,0,0,0,1,0,0,0,0,1,0,0,0,0,1],"contentsRect":{"y":0,"x":0,"width":1,"height":1},"opacity":1,"edgeAntialiasingMask":0,"height":69,"hidden":false,"anchorPoint":{"pointX":0.49958085555296677,"pointY":0.87384917770606885}},"texture":"4C464120E8927592D9F3A3E762A3111D"}]},{"animations":[{"additive":false,"timeOffset":0,"beginTime":0,"repeatCount":0,"fillMode":"both","duration":1,"autoreverses":false,"animations":[{"repeatCount":0,"removedOnCompletion":true,"from":{"scalar":0.0030000000000000001},"timingFunction":"EaseInEaseOut","additive":false,"timeOffset":0,"autoreverses":false,"property":"zPosition","fillMode":"both","duration":1,"beginTime":0,"to":{"scalar":0.0030000000000000001}}],"removedOnCompletion":false}],"initialState":{"affineTransform":[1,0,0,1,0,0],"masksToBounds":false,"rotation":0,"scale":1,"position":{"pointX":973.30254364013672,"pointY":284.29559326171875},"width":1730,"sublayerTransform":[1,0,0,0,0,1,0,0,0,0,1,0,0,0,0,1],"contentsRect":{"y":0,"x":0,"width":1,"height":1},"opacity":1,"edgeAntialiasingMask":251658240,"height":305.06399536132812,"hidden":false,"anchorPoint":{"pointX":0.5,"pointY":0.5}},"layers":[{"animations":[{"additive":false,"timeOffset":0,"beginTime":0,"repeatCount":0,"fillMode":"both","duration":1,"autoreverses":false,"animations":[{"repeatCount":0,"removedOnCompletion":true,"from":{"texture":"83F9BC4245FF6CA5A95339B1E4DB0291"},"timingFunction":"EaseInEaseOut","additive":false,"timeOffset":0,"autoreverses":false,"property":"contents","fillMode":"both","duration":1,"beginTime":0,"to":{"texture":"83F9BC4245FF6CA5A95339B1E4DB0291"}}],"removedOnCompletion":false}],"layers":[],"texturedRectangle":{"singleTextureOpacity":1,"textXHeight":0.53018724637681158,"textBaseline":0.7648912325138516,"isBackgroundTexture":true,"isVerticalText":false,"textColor":[0.99990898370742798,1,0.99987810850143433,1],"textureType":6},"initialState":{"affineTransform":[1,0,0,1,0,0],"masksToBounds":false,"rotation":0,"scale":1,"position":{"pointX":865,"pointY":152.53199768066409},"width":1614,"sublayerTransform":[1,0,0,0,0,1,0,0,0,0,1,0,0,0,0,1],"contentsRect":{"y":0,"x":0,"width":1,"height":1},"opacity":1,"edgeAntialiasingMask":0,"height":69,"hidden":false,"anchorPoint":{"pointX":0.49894829221817638,"pointY":-0.12615082229393115}},"texture":"83F9BC4245FF6CA5A95339B1E4DB0291"}]},{"animations":[{"additive":false,"timeOffset":0,"beginTime":0,"repeatCount":0,"fillMode":"both","duration":1,"autoreverses":false,"animations":[{"repeatCount":0,"removedOnCompletion":true,"from":{"scalar":0.0040000000000000001},"timingFunction":"EaseInEaseOut","additive":false,"timeOffset":0,"autoreverses":false,"property":"zPosition","fillMode":"both","duration":1,"beginTime":0,"to":{"scalar":0.0040000000000000001}}],"removedOnCompletion":false}],"initialState":{"affineTransform":[1,0,0,1,0,0],"masksToBounds":false,"rotation":0,"scale":1,"position":{"pointX":973.30254364013672,"pointY":284.29559326171875},"width":1730,"sublayerTransform":[1,0,0,0,0,1,0,0,0,0,1,0,0,0,0,1],"contentsRect":{"y":0,"x":0,"width":1,"height":1},"opacity":1,"edgeAntialiasingMask":251658240,"height":305.06399536132812,"hidden":false,"anchorPoint":{"pointX":0.5,"pointY":0.5}},"layers":[{"animations":[{"additive":false,"timeOffset":0,"beginTime":0,"repeatCount":0,"fillMode":"both","duration":1,"autoreverses":false,"animations":[{"repeatCount":0,"removedOnCompletion":true,"from":{"texture":"DF4A1ABE0CA3332864506E8F34111A91"},"timingFunction":"EaseInEaseOut","additive":false,"timeOffset":0,"autoreverses":false,"property":"contents","fillMode":"both","duration":1,"beginTime":0,"to":{"texture":"DF4A1ABE0CA3332864506E8F34111A91"}}],"removedOnCompletion":false}],"layers":[],"texturedRectangle":{"singleTextureOpacity":1,"textXHeight":0.53018724637681158,"textBaseline":0.75878956670346476,"isBackgroundTexture":true,"isVerticalText":false,"textColor":[0.99990898370742798,1,0.99987810850143433,1],"textureType":6},"initialState":{"affineTransform":[1,0,0,1,0,0],"masksToBounds":false,"rotation":0,"scale":1,"position":{"pointX":865,"pointY":152.53199768066409},"width":1710,"sublayerTransform":[1,0,0,0,0,1,0,0,0,0,1,0,0,0,0,1],"contentsRect":{"y":0,"x":0,"width":1,"height":1},"opacity":1,"edgeAntialiasingMask":0,"height":69,"hidden":false,"anchorPoint":{"pointX":0.4984225401404308,"pointY":1.8738491777060688}},"texture":"DF4A1ABE0CA3332864506E8F34111A91"}]},{"animations":[{"additive":false,"timeOffset":0,"beginTime":0,"repeatCount":0,"fillMode":"both","duration":1,"autoreverses":false,"animations":[{"repeatCount":0,"removedOnCompletion":true,"from":{"scalar":0.0050000000000000001},"timingFunction":"EaseInEaseOut","additive":false,"timeOffset":0,"autoreverses":false,"property":"zPosition","fillMode":"both","duration":1,"beginTime":0,"to":{"scalar":0.0050000000000000001}}],"removedOnCompletion":false}],"initialState":{"affineTransform":[1,0,0,1,0,0],"masksToBounds":false,"rotation":0,"scale":1,"position":{"pointX":973.30253982543945,"pointY":540},"width":1365.8639907836914,"sublayerTransform":[1,0,0,0,0,1,0,0,0,0,1,0,0,0,0,1],"contentsRect":{"y":0,"x":0,"width":1,"height":1},"opacity":1,"edgeAntialiasingMask":251658240,"height":63.656008243560791,"hidden":false,"anchorPoint":{"pointX":0.5,"pointY":0.5}},"layers":[{"animations":[{"additive":false,"timeOffset":0,"beginTime":0,"repeatCount":0,"fillMode":"both","duration":1,"autoreverses":false,"animations":[{"repeatCount":0,"removedOnCompletion":true,"from":{"texture":"1937937BB3A3CA35C139DE4791FE2B04"},"timingFunction":"EaseInEaseOut","additive":false,"timeOffset":0,"autoreverses":false,"property":"contents","fillMode":"both","duration":1,"beginTime":0,"to":{"texture":"1937937BB3A3CA35C139DE4791FE2B04"}}],"removedOnCompletion":false}],"layers":[],"texturedRectangle":{"singleTextureOpacity":1,"textXHeight":0.50644897959183677,"textBaseline":0.74702295478509395,"isBackgroundTexture":true,"isVerticalText":false,"textColor":[0.99990898370742798,1,0.99987810850143433,1],"textureType":6},"initialState":{"affineTransform":[1,0,0,1,0,0],"masksToBounds":false,"rotation":0,"scale":1,"position":{"pointX":682.93199999999979,"pointY":31.8280029296875},"width":1343,"sublayerTransform":[1,0,0,0,0,1,0,0,0,0,1,0,0,0,0,1],"contentsRect":{"y":0,"x":0,"width":1,"height":1},"opacity":1,"edgeAntialiasingMask":0,"height":49,"hidden":false,"anchorPoint":{"pointX":0.50580978736678595,"pointY":0.38775507771238987}},"texture":"1937937BB3A3CA35C139DE4791FE2B04"}]},{"animations":[{"additive":false,"timeOffset":0,"beginTime":0,"repeatCount":0,"fillMode":"both","duration":1,"autoreverses":false,"animations":[{"repeatCount":0,"removedOnCompletion":true,"from":{"scalar":0.0060000000000000001},"timingFunction":"EaseInEaseOut","additive":false,"timeOffset":0,"autoreverses":false,"property":"zPosition","fillMode":"both","duration":1,"beginTime":0,"to":{"scalar":0.0060000000000000001}}],"removedOnCompletion":false}],"initialState":{"affineTransform":[1,0,0,1,0,0],"masksToBounds":false,"rotation":0,"scale":1,"position":{"pointX":278.16351893419909,"pointY":842.67086610191473},"width":238.0514641121174,"sublayerTransform":[1,0,0,0,0,1,0,0,0,0,1,0,0,0,0,1],"contentsRect":{"y":0,"x":0,"width":1,"height":1},"opacity":1,"edgeAntialiasingMask":251658240,"height":194.90716189208626,"hidden":false,"anchorPoint":{"pointX":0.5,"pointY":0.5}},"layers":[{"animations":[{"additive":false,"timeOffset":0,"beginTime":0,"repeatCount":0,"fillMode":"both","duration":1,"autoreverses":false,"animations":[{"repeatCount":0,"removedOnCompletion":true,"from":{"texture":"15C82D643049B875A80E4C8B615AE283"},"timingFunction":"EaseInEaseOut","additive":false,"timeOffset":0,"autoreverses":false,"property":"contents","fillMode":"both","duration":1,"beginTime":0,"to":{"texture":"15C82D643049B875A80E4C8B615AE283"}}],"removedOnCompletion":false}],"layers":[],"texturedRectangle":{"singleTextureOpacity":1,"textXHeight":0,"shapePath":{"lineWidth":1,"flatness":0.59999999999999998,"lineCapStyle":0,"elements":[{"type":"MoveToPoint","points":[[200.18913285007875,1.2392071551444133]]},{"type":"AddCurve","points":[[199.90752302715555,1.2856815933641883],[199.62774667242775,1.4027852328530344],[199.38981332948606,1.6109836235857529]]},{"type":"AddCurve","points":[[195.0474708230613,5.5369434501329806],[191.42264974130376,11.541133949616892],[189.81656790843408,16.537809667030842]]},{"type":"AddCurve","points":[[189.40018909657374,17.846462209802326],[188.57113471554476,18.928329735876332],[187.38143169453542,19.642143308038385]]},{"type":"AddCurve","points":[[178.81570427658153,24.638820160024125],[179.47001643138356,38.669665572067743],[175.48458301594655,50.982898636132632]]},{"type":"AddCurve","points":[[172.15346175531158,61.154706867716413],[158.65804664813913,65.076921543697608],[150.09224661758344,68.28909396414474]]},{"type":"AddCurve","points":[[141.52651919962955,71.560727022931133],[81.68535763912223,94.941764621254151],[81.685366715697455,150.61899633553639]]},{"type":"AddCurve","points":[[80.257748504896881,175.54289726569004],[70.491158416694816,179.9522063022996],[51.218285341161391,179.95216999600234]]},{"type":"AddCurve","points":[[31.945391843333709,179.95216999600234],[18.981570190208913,161.97303744825695],[14.87713039328446,154.002171416083]]},{"type":"AddCurve","points":[[9.8209697048841917,144.06829650359941],[-2.4365278973280056,149.61156919913719],[2.1437843292500816,159.48587455438974]]},{"type":"AddCurve","points":[[5.8318075188876719,167.39727087165011],[21.948324818737092,196.1244470479578],[52.761157904165884,196.1244470479578]]},{"type":"AddCurve","points":[[77.328147702479328,196.1244470479578],[89.343935822813364,189.46966613834775],[93.21043887308042,186.79285730073752]]},{"type":"AddCurve","points":[[93.983735852503742,186.2574846413263],[95.058202674459608,186.42471144651063],[95.534042130617308,187.25757790567877]]},{"type":"AddCurve","points":[[98.270320957322838,191.77836542802834],[102.84686633427191,196.1244470479578],[108.67634215524595,196.1244470479578]]},{"type":"AddCurve","points":[[108.67634215524595,196.1244470479578],[163.23828619120468,196.1244470479578],[167.3426772015373,196.1244470479578]]},{"type":"AddCurve","points":[[171.44708636502037,196.1244470479578],[173.76324683087296,194.15399537670964],[173.94171045294206,190.28755624989572]]},{"type":"AddCurve","points":[[174.12017407501116,186.89694745498491],[172.02704321558122,183.03795111910949],[167.26832189729612,183.03791481281223]]},{"type":"AddCurve","points":[[158.28619751433143,183.03791481281223],[154.95509440684691,173.46096710870188],[162.21216120889585,168.76169782901707]]},{"type":"AddCurve","points":[[168.10109767416725,164.89522239590588],[174.59981661618804,160.49335615023483],[181.0240531819145,155.6751655938715]]},{"type":"AddCurve","points":[[181.67838348986697,155.19928080252248],[182.55570709794119,155.55617170459846],[182.73422517946165,156.2700079681963]]},{"type":"AddCurve","points":[[186.06534644009662,170.96260372212964],[192.86148659908213,196.12442889480917],[200.35643228462141,196.1244470479578]]},{"type":"AddCurve","points":[[210.94463850045577,196.1244470479578],[207.89977426925907,196.1244470479578],[212.12315918078821,196.1244470479578]]},{"type":"AddCurve","points":[[216.34654409231734,196.1244470479578],[218.72215612589207,194.03503779373386],[218.72219243219297,189.99013506273332]]},{"type":"AddCurve","points":[[218.72219243219297,186.42108081678452],[216.29827486527211,183.16063009755453],[211.36101731231611,182.38730596589448]]},{"type":"AddCurve","points":[[209.16011119866744,182.03039691066988],[207.30865323117177,180.48008171132642],[206.71381079724233,178.27917581821384]]},{"type":"AddCurve","points":[[204.27495318750152,169.65396139050426],[203.2117231656739,153.7679231861548],[203.92548688819807,136.69596701149658]]},{"type":"AddCurve","points":[[203.9849747622211,135.74422465852149],[204.33440475522366,134.91890990918364],[204.929283495454,134.20506456901148]]},{"type":"AddCurve","points":[[214.56573818637116,123.43842303967722],[221.28743227536324,111.48210583826767],[221.28745042851369,98.811943296685968]]},{"type":"AddCurve","points":[[221.28745042851369,80.907193275454119],[212.59904401982203,75.854722721152484],[217.4767410861532,57.414631808519516]]},{"type":"AddCurve","points":[[219.61817747892928,49.384259755134735],[226.15768655001011,48.008695841082954],[226.15772285631101,48.008686764508639]]},{"type":"AddCurve","points":[[226.15772285631101,48.008686764508639],[238.7163627876871,49.55155009633927],[237.34819614460866,36.167608019749196]]},{"type":"AddCurve","points":[[237.28870827058563,35.632248975199445],[237.40398077594,35.100597711257478],[237.70138383975427,34.624735611344249]]},{"type":"AddCurve","points":[[238.5341596166254,33.672988720082003],[238.89480825660576,32.721237290532599],[239.13272344639699,31.947944926882656]]},{"type":"AddCurve","points":[[239.37065678933868,30.996198035620409],[238.83532038258272,30.037026506568282],[237.94303857853811,29.680108374769361]]},{"type":"AddCurve","points":[[234.31449610093841,28.252485768732413],[228.36607176164398,25.110944980463046],[223.96424138119619,19.995330967793734]]},{"type":"AddCurve","points":[[220.33569890359649,15.712465418826469],[211.11938072668272,15.355556363601863],[206.36062310209672,15.534013160357745]]},{"type":"AddCurve","points":[[204.7545594223775,15.593497624704582],[203.37524674492306,14.333184647592589],[203.25628915002744,12.727100706512601]]},{"type":"AddCurve","points":[[203.13733155513182,11.180510306353767],[202.60197699522541,6.6002230029381508],[202.06660428216856,2.6147802011695376]]},{"type":"AddCurve","points":[[201.93276110390434,1.633290226805002],[201.03399862514925,1.0997838316212665],[200.18913285007875,1.2392071551444133]]},{"type":"CloseSubpath"},{"type":"MoveToPoint","points":[[200.18913285007875,1.2392071551444133]]}],"windingRule":0,"lineJoinStyle":0,"miterLimit":10},"isBackgroundTexture":true,"textBaseline":0,"isVerticalText":false,"textureType":5},"initialState":{"affineTransform":[1,0,0,1,0,0],"masksToBounds":false,"rotation":0,"scale":1,"position":{"pointX":119.02573393484789,"pointY":97.453582764050338},"width":241,"sublayerTransform":[1,0,0,0,0,1,0,0,0,0,1,0,0,0,0,1],"contentsRect":{"y":0,"x":0,"width":1,"height":1},"opacity":1,"edgeAntialiasingMask":0,"height":198,"hidden":false,"anchorPoint":{"pointX":0.49860382080078125,"pointY":0.49833771676728222}},"texture":"15C82D643049B875A80E4C8B615AE283"}]},{"animations":[{"additive":false,"timeOffset":0,"beginTime":0,"repeatCount":0,"fillMode":"both","duration":1,"autoreverses":false,"animations":[{"repeatCount":0,"removedOnCompletion":true,"from":{"scalar":0.0070000000000000001},"timingFunction":"EaseInEaseOut","additive":false,"timeOffset":0,"autoreverses":false,"property":"zPosition","fillMode":"both","duration":1,"beginTime":0,"to":{"scalar":0.0070000000000000001}}],"removedOnCompletion":false}],"initialState":{"affineTransform":[1,0,0,1,0,0],"masksToBounds":false,"rotation":0,"scale":1,"position":{"pointX":1555.6087261249277,"pointY":842.67085463244302},"width":230.47624279351317,"sublayerTransform":[1,0,0,0,0,1,0,0,0,0,1,0,0,0,0,1],"contentsRect":{"y":0,"x":0,"width":1,"height":1},"opacity":1,"edgeAntialiasingMask":251658240,"height":188.70486844530649,"hidden":false,"anchorPoint":{"pointX":0.5,"pointY":0.5}},"layers":[{"animations":[{"additive":false,"timeOffset":0,"beginTime":0,"repeatCount":0,"fillMode":"both","duration":1,"autoreverses":false,"animations":[{"repeatCount":0,"removedOnCompletion":true,"from":{"texture":"235AE52CEB10D3079D7B5FBD9551DD11"},"timingFunction":"EaseInEaseOut","additive":false,"timeOffset":0,"autoreverses":false,"property":"contents","fillMode":"both","duration":1,"beginTime":0,"to":{"texture":"235AE52CEB10D3079D7B5FBD9551DD11"}}],"removedOnCompletion":false}],"layers":[],"texturedRectangle":{"singleTextureOpacity":1,"textXHeight":0,"shapePath":{"lineWidth":1,"flatness":0.59999999999999998,"lineCapStyle":0,"elements":[{"type":"MoveToPoint","points":[[39.129669689091315,1.3396448119549405]]},{"type":"AddCurve","points":[[39.402318186184857,1.3846403506780689],[39.673191559304541,1.4980175435409819],[39.903553439753523,1.6995906902244542]]},{"type":"AddCurve","points":[[44.107714878273327,5.5006194743814376],[47.617187701043804,11.313745925594048],[49.172161151172986,16.151418511686643]]},{"type":"AddCurve","points":[[49.575290048087481,17.418427396978586],[50.377962442998978,18.465867969203828],[51.529806996213665,19.156966720638593]]},{"type":"AddCurve","points":[[59.822957720771228,23.994640405198879],[59.189466943407751,37.578999296649272],[63.048076773511639,49.500403327852837]]},{"type":"AddCurve","points":[[66.273195826252049,59.348526483299793],[79.339162802934879,63.145929294259986],[87.632383829432001,66.255884660393349]]},{"type":"AddCurve","points":[[95.925534553989564,69.423408521324745],[153.86244383663779,92.060419810572057],[153.86243504889535,145.96590272894537]]},{"type":"AddCurve","points":[[155.24462390707413,170.09668068759493],[164.70042371418231,174.36567764804931],[183.35999966282316,174.36564249708317]]},{"type":"AddCurve","points":[[202.01959538388451,174.36564249708317],[214.5708851564616,156.95863800711231],[218.54471437316306,149.2414191456046]]},{"type":"AddCurve","points":[[223.4399790285147,139.62365784676513],[235.30742123873279,144.99053372045455],[230.8728627001401,154.55062107159756]]},{"type":"AddCurve","points":[[227.30219897306188,162.21026265056571],[211.69853794102323,190.02328885509633],[181.86622405107983,190.02328885509633]]},{"type":"AddCurve","points":[[158.08099959728224,190.02328885509633],[146.44757524298711,183.58027494073031],[142.70411120213794,180.98864693357609]]},{"type":"AddCurve","points":[[141.95542190906508,180.47031078685541],[140.91514653393006,180.63221613690257],[140.45444913625943,181.43857930018567]]},{"type":"AddCurve","points":[[137.80524357238392,185.81550730217714],[133.37433201555996,190.02328885509633],[127.73036049165057,190.02328885509633]]},{"type":"AddCurve","points":[[127.73036049165057,190.02328885509633],[74.904674634935873,190.02328885509633],[70.930892652349939,190.02328885509633]]},{"type":"AddCurve","points":[[66.957093094279116,190.02328885509633],[64.714636977205373,188.11554046970559],[64.54185238525497,184.37213833048008]]},{"type":"AddCurve","points":[[64.369067793304566,181.08942475350341],[66.395591503023752,177.35322856233688],[71.002881838458052,177.35319341137074]]},{"type":"AddCurve","points":[[79.699179035415,177.35319341137074],[82.924280512670521,168.08100126066711],[75.898146493809691,163.53127110912465]]},{"type":"AddCurve","points":[[70.196606469144172,159.787833818933],[63.904688331549551,155.52604280653759],[57.68488240845727,150.86117566539906]]},{"type":"AddCurve","points":[[57.051374055608903,150.40043437670101],[56.201968446375759,150.74596837387071],[56.029131127970686,151.43708909465931]]},{"type":"AddCurve","points":[[52.804012075230276,165.66214025209774],[46.224137193203205,190.02327127961325],[38.967694020348063,190.02328885509633]]},{"type":"AddCurve","points":[[28.716423373261932,190.02328885509633],[31.664394604777044,190.02328885509633],[27.575405318739286,190.02328885509633]]},{"type":"AddCurve","points":[[23.486416032701527,190.02328885509633],[21.186400202614095,188.00036832914338],[21.186365051644316,184.08418161584996]]},{"type":"AddCurve","points":[[21.186365051644316,180.62870104028843],[23.533149247023175,177.47200367692858],[28.313294476347437,176.72328809811734]]},{"type":"AddCurve","points":[[30.444163839856628,176.37773652546457],[32.236705119239559,174.87675512026181],[32.812618608104458,172.74588597728871]]},{"type":"AddCurve","points":[[35.17386742754752,164.39514125301503],[36.203263577535836,149.01462511206046],[35.512213087158671,132.48592902532255]]},{"type":"AddCurve","points":[[35.454618223175203,131.56447281115106],[35.116307714533832,130.76542104882537],[34.540359074699154,130.07429154029523]]},{"type":"AddCurve","points":[[25.210553524893839,119.65026374332956],[18.70275570639933,108.07441787558491],[18.70273813091444,95.807442499310127]]},{"type":"AddCurve","points":[[18.70273813091444,78.472453551221406],[27.114663982356433,73.580761619443365],[22.392183918955197,55.727467281729332]]},{"type":"AddCurve","points":[[20.318891843944584,47.952635986715904],[13.987481591802862,46.620844969293103],[13.987446440833082,46.620836181551567]]},{"type":"AddCurve","points":[[13.987446440833082,46.620836181551567],[1.8284447863970854,48.114602850953816],[3.1530739315621759,35.156561677275022]]},{"type":"AddCurve","points":[[3.2106687955456437,34.63823871216664],[3.0990644664962019,34.123505539475445],[2.8111252975486423,33.662786220131238]]},{"type":"AddCurve","points":[[2.004849928234762,32.741325612088986],[1.6556777699315717,31.819860610175965],[1.4253334649674798,31.071175788460096]]},{"type":"AddCurve","points":[[1.1949715845184983,30.149715180417843],[1.7132726339150395,29.221066199799679],[2.5771604426972772,28.875505839405378]]},{"type":"AddCurve","points":[[6.0902362398701371,27.493312730406615],[11.849371128519124,24.451741371965909],[16.111127431022396,19.498915319261869]]},{"type":"AddCurve","points":[[19.624203228195256,15.352338189200964],[28.547241755713912,15.006786616548197],[33.154567242117992,15.179564599809964]]},{"type":"AddCurve","points":[[34.709523116762284,15.237156162429528],[36.044943609649636,14.016948591619439],[36.160115762131682,12.461973105488141]]},{"type":"AddCurve","points":[[36.275287914613727,10.964597969717943],[36.793606539495158,6.530063575793065],[37.311942739861479,2.6714446707553634]]},{"type":"AddCurve","points":[[37.441526789953059,1.7211874575525599],[38.311689046840911,1.2046581872036768],[39.129669689091315,1.3396448119549405]]},{"type":"CloseSubpath"},{"type":"MoveToPoint","points":[[39.129669689091315,1.3396448119549405]]}],"windingRule":0,"lineJoinStyle":0,"miterLimit":10},"isBackgroundTexture":true,"textBaseline":0,"isVerticalText":false,"textureType":5},"initialState":{"affineTransform":[1,0,0,1,0,0],"masksToBounds":false,"rotation":0,"scale":1,"position":{"pointX":115.23812177329364,"pointY":94.352432251342975},"width":233,"sublayerTransform":[1,0,0,0,0,1,0,0,0,0,1,0,0,0,0,1],"contentsRect":{"y":0,"x":0,"width":1,"height":1},"opacity":1,"edgeAntialiasingMask":0,"height":192,"hidden":false,"anchorPoint":{"pointX":0.50046663734534269,"pointY":0.49828569094340008}},"texture":"235AE52CEB10D3079D7B5FBD9551DD11"}]},{"animations":[{"additive":false,"timeOffset":0,"beginTime":0,"repeatCount":0,"fillMode":"both","duration":1,"autoreverses":false,"animations":[{"repeatCount":0,"removedOnCompletion":true,"from":{"scalar":0.0080000000000000002},"timingFunction":"EaseInEaseOut","additive":false,"timeOffset":0,"autoreverses":false,"property":"zPosition","fillMode":"both","duration":1,"beginTime":0,"to":{"scalar":0.0080000000000000002}}],"removedOnCompletion":false}],"initialState":{"affineTransform":[1,0,0,1,0,0],"masksToBounds":false,"rotation":0,"scale":1,"position":{"pointX":311.74600823993899,"pointY":999.7080107025339},"width":107.05444206856191,"sublayerTransform":[1,0,0,0,0,1,0,0,0,0,1,0,0,0,0,1],"contentsRect":{"y":0,"x":0,"width":1,"height":1},"opacity":1,"edgeAntialiasingMask":251658240,"height":40.972795635461807,"hidden":false,"anchorPoint":{"pointX":0.5,"pointY":0.5}},"layers":[{"animations":[{"additive":false,"timeOffset":0,"beginTime":0,"repeatCount":0,"fillMode":"both","duration":1,"autoreverses":false,"animations":[{"repeatCount":0,"removedOnCompletion":true,"from":{"texture":"8C32BEDAE33DDDAC01816E910BB294CA"},"timingFunction":"EaseInEaseOut","additive":false,"timeOffset":0,"autoreverses":false,"property":"contents","fillMode":"both","duration":1,"beginTime":0,"to":{"texture":"63923EB2BF62E7A88B03B04586E5077E"}},{"repeatCount":0,"removedOnCompletion":true,"from":{"pointX":0,"pointY":0},"timingFunction":"EaseInEaseOut","additive":false,"timeOffset":0,"autoreverses":false,"property":"transform.translation","fillMode":"both","duration":1,"beginTime":0,"to":{"pointX":622,"pointY":-2}}],"removedOnCompletion":false}],"layers":[],"texturedRectangle":{"singleTextureOpacity":1,"textXHeight":0,"shapePath":{"lineWidth":1,"flatness":0.59999999999999998,"lineCapStyle":0,"elements":[{"type":"MoveToPoint","points":[[16.315781021743192,1.2216128848029939]]},{"type":"AddCurve","points":[[7.9928444436782229,1.2216128848029939],[1.2187898732660187,10.401529683492868],[1.2187872056580318,21.712178840441879]]},{"type":"AddCurve","points":[[1.2187872056580318,33.02283760078069],[7.9661686308081698,42.194397583070895],[16.315781021743192,42.194408520264801]]},{"type":"AddCurve","points":[[23.278238072156284,42.194408520264801],[29.145319006398609,35.793820216941072],[30.879253245211316,27.097413017554459]]},{"type":"AddCurve","points":[[31.03930972299645,26.243778373999817],[31.81792099835144,25.630226339858268],[32.671552345409168,25.63022847394484]]},{"type":"AddLine","points":[[35.680947578764631,25.63022847394484]]},{"type":"AddLine","points":[[35.680947578764631,26.247112884326157]]},{"type":"AddCurve","points":[[35.680947578764631,27.100747527880799],[36.377862293206988,27.789320442388657],[37.231494707307888,27.78932391027945]]},{"type":"AddCurve","points":[[38.085129255495133,27.78932391027945],[38.78204396993749,27.10075072901077],[38.782041835851146,26.247112884326157]]},{"type":"AddLine","points":[[38.782041835851146,25.63022847394484]]},{"type":"AddLine","points":[[78.929541680283023,25.63022847394484]]},{"type":"AddLine","points":[[78.929541680283023,26.247112884326157]]},{"type":"AddCurve","points":[[78.929541680283023,27.100747527880799],[79.618103847432167,27.789320442388657],[80.47175253394164,27.78932391027945]]},{"type":"AddCurve","points":[[81.325387082128884,27.78932391027945],[82.022301796571242,27.10075072901077],[82.022299662484897,26.247112884326157]]},{"type":"AddLine","points":[[82.022299662484897,25.63022847394484]]},{"type":"AddLine","points":[[89.941760802894009,25.63022847394484]]},{"type":"AddCurve","points":[[90.261873758464276,25.63022847394484],[90.533638453789877,25.901998534848417],[90.533636319703533,26.222104056878266]]},{"type":"AddLine","points":[[90.533636319703533,32.115851058764633]]},{"type":"AddCurve","points":[[90.533636319703533,32.435964050097596],[90.261860687185219,32.699381829535696],[89.941760802894009,32.699390365882095]]},{"type":"AddLine","points":[[89.491601959123386,32.699390365882095]]},{"type":"AddCurve","points":[[89.17148900355312,32.699390365882095],[88.899724308227519,32.971160426785673],[88.899726442313863,33.291265948815521]]},{"type":"AddLine","points":[[88.899726442313863,36.725811584992584]]},{"type":"AddCurve","points":[[88.899726442313863,37.045924576325547],[89.171502074832176,37.317694903989945],[89.491601959123386,37.31768716792601]]},{"type":"AddLine","points":[[93.493013903751148,37.31768716792601]]},{"type":"AddCurve","points":[[93.813126859321414,37.31768716792601],[94.07654460933054,37.04590616982864],[94.07655314567603,36.725811584992584]]},{"type":"AddLine","points":[[94.07655314567603,34.700096561713394]]},{"type":"AddCurve","points":[[94.07655314567603,34.379983570380432],[94.348328778194343,34.116565790942332],[94.668428662485553,34.116557254595932]]},{"type":"AddLine","points":[[96.560763061299099,34.116557254595932]]},{"type":"AddCurve","points":[[96.880876016869365,34.116557254595932],[97.144293766878491,34.379974767273097],[97.144302303223981,34.700096561713394]]},{"type":"AddLine","points":[[97.144302303223981,36.725811584992584]]},{"type":"AddCurve","points":[[97.144302303223981,37.045924576325547],[97.416077935742294,37.317694903989945],[97.736177820033504,37.31768716792601]]},{"type":"AddLine","points":[[101.73758976466127,37.31768716792601]]},{"type":"AddCurve","points":[[102.05770272023153,37.31768716792601],[102.321109533048,37.04590616982864],[102.32112900658615,36.725811584992584]]},{"type":"AddLine","points":[[102.32112900658615,33.291265948815521]]},{"type":"AddCurve","points":[[102.32112900658615,32.971152957482559],[102.05771152333773,32.69938262981816],[101.73758976466127,32.699390365882095]]},{"type":"AddLine","points":[[101.279094646006,32.699390365882095]]},{"type":"AddCurve","points":[[100.95898169043573,32.699390365882095],[100.69556394042661,32.43597285320493],[100.69555540408112,32.115851058764633]]},{"type":"AddLine","points":[[100.69555540408112,26.222104056878266]]},{"type":"AddCurve","points":[[100.69555540408112,25.901991065545303],[100.95898382452219,25.630220737880904],[101.279094646006,25.63022847394484]]},{"type":"AddLine","points":[[106.90608019313879,25.63022847394484]]},{"type":"AddCurve","points":[[107.65301042280259,25.63022847394484],[108.27325968495074,25.01835329835626],[108.27322927421994,24.271415515942749]]},{"type":"AddLine","points":[[108.27322927421994,19.15294216494101]]},{"type":"AddCurve","points":[[108.21987711495819,18.406011851830613],[107.60299277349475,17.785795065209527],[106.85606254383094,17.785792931122955]]},{"type":"AddLine","points":[[82.022299662484897,17.785792931122955]]},{"type":"AddLine","points":[[82.022299662484897,17.177244796557602]]},{"type":"AddCurve","points":[[82.022299662484897,16.32361015300296],[81.325374010849885,15.626684690268689],[80.47175253394164,15.626697494788345]]},{"type":"AddCurve","points":[[79.618117985754395,15.626697494788345],[78.92956675579785,16.323623224283438],[78.929541680283023,17.177244796557602]]},{"type":"AddLine","points":[[78.929541680283023,17.785792931122955]]},{"type":"AddLine","points":[[38.782041835851146,17.785792931122955]]},{"type":"AddLine","points":[[38.782041835851146,17.177244796557602]]},{"type":"AddCurve","points":[[38.782041835851146,16.32361015300296],[38.085127121408789,15.626684690268689],[37.231494707307888,15.626697494788345]]},{"type":"AddCurve","points":[[36.377860159120644,15.626697494788345],[35.680945444678287,16.323623224283438],[35.680947578764631,17.177244796557602]]},{"type":"AddLine","points":[[35.680947578764631,17.785792931122955]]},{"type":"AddLine","points":[[32.671552345409168,17.785792931122955]]},{"type":"AddCurve","points":[[31.817917797221924,17.785792931122955],[31.03930118665096,17.172240896981407],[30.879253245211316,16.318608387513336]]},{"type":"AddCurve","points":[[29.145308069205953,7.6222051895391587],[23.278231403136374,1.2216128848029939],[16.315781021743192,1.2216128848029939]]},{"type":"CloseSubpath"},{"type":"MoveToPoint","points":[[16.290772197089268,7.0153245768977968]]},{"type":"AddCurve","points":[[20.265508062086155,7.0153245768977968],[23.493317698831163,10.823339104281558],[23.493313697419239,15.518325909180817]]},{"type":"AddCurve","points":[[23.493313697419239,17.385651691956696],[22.988138640539546,19.124606296469892],[22.134500891222729,20.5117551229431]]},{"type":"AddCurve","points":[[21.68100753749826,21.232009353442322],[21.68100753749826,22.190675470300903],[22.134500891222729,22.93761138538855]]},{"type":"AddCurve","points":[[22.988135439409973,24.351443763776047],[23.493310229528902,26.055376406472419],[23.493313697419239,27.92270432333487]]},{"type":"AddCurve","points":[[23.493313697419239,32.617694862885628],[20.265509129129384,36.434032328044054],[16.290772197089268,36.434041931433853]]},{"type":"AddCurve","points":[[12.316036332092381,36.434041931433853],[9.0882266953473732,32.617699131058885],[9.0882306967592967,27.92270432333487]]},{"type":"AddCurve","points":[[9.0882306967592967,26.055378540558991],[9.5933974840543215,24.3247655470783],[10.447043502955808,22.93761138538855]]},{"type":"AddCurve","points":[[10.900536856680276,22.190681072278153],[10.900545126264944,21.258695039443182],[10.447043502955808,20.5117551229431]]},{"type":"AddCurve","points":[[9.593408954768563,19.097922744555603],[9.0882341646496343,17.385648224065903],[9.0882306967592967,15.518325909180817]]},{"type":"AddCurve","points":[[9.0882306967592967,10.823335369630058],[12.316035265049152,7.0153259107019039],[16.290772197089268,7.0153245768977968]]},{"type":"CloseSubpath"},{"type":"MoveToPoint","points":[[16.290772197089268,7.0153245768977968]]}],"windingRule":0,"lineJoinStyle":0,"miterLimit":10},"isBackgroundTexture":true,"textBaseline":0,"isVerticalText":false,"textureType":5},"initialState":{"affineTransform":[1,0,0,1,0,0],"masksToBounds":false,"rotation":0,"scale":1,"position":{"pointX":53.5272216796875,"pointY":20.486396789550781},"width":110,"sublayerTransform":[1,0,0,0,0,1,0,0,0,0,1,0,0,0,0,1],"contentsRect":{"y":0,"x":0,"width":1,"height":1},"opacity":1,"edgeAntialiasingMask":0,"height":44,"hidden":false,"anchorPoint":{"pointX":0.49769098986677757,"pointY":0.49336385623531309}},"texture":"8C32BEDAE33DDDAC01816E910BB294CA"}]}]},"effects":[],"duration":1,"type":"transition","attributes":{"direction":0},"name":"apple:magic-move-implied-motion-path","objectID":"0"}],"automaticPlay":false,"hyperlinks":[],"accessibility":[{"text":"Let’s say Alice and Bob want to communicate securely over a public network. Alice will encrypt her message using a key and send it to Bob, who will decrypt the message using the same key.","targetRectangle":{"y":138.76359558105469,"x":117.28344282017929,"width":1730.294281644874,"height":291.57899006274226}},{"text":"Sending this key over the same public channel is not an option ","targetRectangle":{"y":512.1719958782196,"x":294.37054443359375,"width":1356.8639999999996,"height":55.656005859375}}],"baseLayer":{"animations":[],"initialState":{"affineTransform":[1,0,0,1,0,0],"masksToBounds":false,"rotation":0,"scale":1,"position":{"pointX":960,"pointY":540},"width":1920,"sublayerTransform":[1,0,0,0,0,1,0,0,0,0,1,0,0,0,0,1],"contentsRect":{"y":0,"x":0,"width":1,"height":1},"opacity":1,"edgeAntialiasingMask":251658240,"height":1080,"hidden":false,"anchorPoint":{"pointX":0.5,"pointY":0.5}},"objectID":"0","layers":[{"animations":[],"initialState":{"affineTransform":[1,0,0,1,0,0],"masksToBounds":false,"rotation":0,"scale":1,"position":{"pointX":960,"pointY":540},"width":1920,"sublayerTransform":[1,0,0,0,0,1,0,0,0,0,1,-0.00035007912466775983,0,0,0,1],"contentsRect":{"y":0,"x":0,"width":1,"height":1},"opacity":1,"edgeAntialiasingMask":251658240,"height":1080,"hidden":false,"anchorPoint":{"pointX":0.5,"pointY":0.5}},"layers":[{"animations":[],"initialState":{"affineTransform":[1,0,0,1,0,0],"masksToBounds":false,"rotation":0,"scale":1,"position":{"pointX":960,"pointY":540},"width":1920,"sublayerTransform":[1,0,0,0,0,1,0,0,0,0,1,0,0,0,0,1],"contentsRect":{"y":0,"x":0,"width":1,"height":1},"opacity":1,"edgeAntialiasingMask":251658240,"height":1080,"hidden":false,"anchorPoint":{"pointX":0.5,"pointY":0.5}},"layers":[{"animations":[],"layers":[],"texturedRectangle":{"isBackgroundTexture":true,"singleTextureOpacity":1,"textureType":1,"textBaseline":0,"textXHeight":0,"isVerticalText":false},"initialState":{"affineTransform":[1,0,0,1,0,0],"masksToBounds":false,"rotation":0,"scale":1,"position":{"pointX":960,"pointY":540},"width":1920,"sublayerTransform":[1,0,0,0,0,1,0,0,0,0,1,0,0,0,0,1],"contentsRect":{"y":0,"x":0,"width":1,"height":1},"opacity":1,"edgeAntialiasingMask":0,"height":1080,"hidden":false,"anchorPoint":{"pointX":0.5,"pointY":0.5}},"texture":"5BA6DF7ACEF516F7DAB78587CF30CE20"}]}]},{"animations":[],"initialState":{"affineTransform":[1,0,0,1,0,0],"masksToBounds":false,"rotation":0,"scale":1,"position":{"pointX":973.30254364013672,"pointY":284.29559326171875},"width":1730,"sublayerTransform":[1,0,0,0,0,1,0,0,0,0,1,0,0,0,0,1],"contentsRect":{"y":0,"x":0,"width":1,"height":1},"opacity":1,"edgeAntialiasingMask":251658240,"height":305.06399536132812,"hidden":false,"anchorPoint":{"pointX":0.5,"pointY":0.5}},"layers":[{"animations":[],"layers":[],"texturedRectangle":{"singleTextureOpacity":1,"textXHeight":0.53018724637681158,"textBaseline":0.76794206541904531,"isBackgroundTexture":true,"isVerticalText":false,"textColor":[0.99990898370742798,1,0.99987810850143433,1],"textureType":6},"initialState":{"affineTransform":[1,0,0,1,0,0],"masksToBounds":false,"rotation":0,"scale":1,"position":{"pointX":865,"pointY":152.53199768066409},"width":916,"sublayerTransform":[1,0,0,0,0,1,0,0,0,0,1,0,0,0,0,1],"contentsRect":{"y":0,"x":0,"width":1,"height":1},"opacity":1,"edgeAntialiasingMask":0,"height":69,"hidden":false,"anchorPoint":{"pointX":0.50033028781674316,"pointY":-1.1261508222939307}},"texture":"CF8E4BDD0744F490D169E12D06EF9F9F"}]},{"animations":[],"initialState":{"affineTransform":[1,0,0,1,0,0],"masksToBounds":false,"rotation":0,"scale":1,"position":{"pointX":973.30254364013672,"pointY":284.29559326171875},"width":1730,"sublayerTransform":[1,0,0,0,0,1,0,0,0,0,1,0,0,0,0,1],"contentsRect":{"y":0,"x":0,"width":1,"height":1},"opacity":1,"edgeAntialiasingMask":251658240,"height":305.06399536132812,"hidden":false,"anchorPoint":{"pointX":0.5,"pointY":0.5}},"layers":[{"animations":[],"layers":[],"texturedRectangle":{"singleTextureOpacity":1,"textXHeight":0.53018724637681158,"textBaseline":0.76184039960865824,"isBackgroundTexture":true,"isVerticalText":false,"textColor":[0.99990898370742798,1,0.99987810850143433,1],"textureType":6},"initialState":{"affineTransform":[1,0,0,1,0,0],"masksToBounds":false,"rotation":0,"scale":1,"position":{"pointX":865,"pointY":152.53199768066409},"width":1664,"sublayerTransform":[1,0,0,0,0,1,0,0,0,0,1,0,0,0,0,1],"contentsRect":{"y":0,"x":0,"width":1,"height":1},"opacity":1,"edgeAntialiasingMask":0,"height":69,"hidden":false,"anchorPoint":{"pointX":0.49958085555296677,"pointY":0.87384917770606885}},"texture":"4C464120E8927592D9F3A3E762A3111D"}]},{"animations":[],"initialState":{"affineTransform":[1,0,0,1,0,0],"masksToBounds":false,"rotation":0,"scale":1,"position":{"pointX":973.30254364013672,"pointY":284.29559326171875},"width":1730,"sublayerTransform":[1,0,0,0,0,1,0,0,0,0,1,0,0,0,0,1],"contentsRect":{"y":0,"x":0,"width":1,"height":1},"opacity":1,"edgeAntialiasingMask":251658240,"height":305.06399536132812,"hidden":false,"anchorPoint":{"pointX":0.5,"pointY":0.5}},"layers":[{"animations":[],"layers":[],"texturedRectangle":{"singleTextureOpacity":1,"textXHeight":0.53018724637681158,"textBaseline":0.7648912325138516,"isBackgroundTexture":true,"isVerticalText":false,"textColor":[0.99990898370742798,1,0.99987810850143433,1],"textureType":6},"initialState":{"affineTransform":[1,0,0,1,0,0],"masksToBounds":false,"rotation":0,"scale":1,"position":{"pointX":865,"pointY":152.53199768066409},"width":1614,"sublayerTransform":[1,0,0,0,0,1,0,0,0,0,1,0,0,0,0,1],"contentsRect":{"y":0,"x":0,"width":1,"height":1},"opacity":1,"edgeAntialiasingMask":0,"height":69,"hidden":false,"anchorPoint":{"pointX":0.49894829221817638,"pointY":-0.12615082229393115}},"texture":"83F9BC4245FF6CA5A95339B1E4DB0291"}]},{"animations":[],"initialState":{"affineTransform":[1,0,0,1,0,0],"masksToBounds":false,"rotation":0,"scale":1,"position":{"pointX":973.30254364013672,"pointY":284.29559326171875},"width":1730,"sublayerTransform":[1,0,0,0,0,1,0,0,0,0,1,0,0,0,0,1],"contentsRect":{"y":0,"x":0,"width":1,"height":1},"opacity":1,"edgeAntialiasingMask":251658240,"height":305.06399536132812,"hidden":false,"anchorPoint":{"pointX":0.5,"pointY":0.5}},"layers":[{"animations":[],"layers":[],"texturedRectangle":{"singleTextureOpacity":1,"textXHeight":0.53018724637681158,"textBaseline":0.75878956670346476,"isBackgroundTexture":true,"isVerticalText":false,"textColor":[0.99990898370742798,1,0.99987810850143433,1],"textureType":6},"initialState":{"affineTransform":[1,0,0,1,0,0],"masksToBounds":false,"rotation":0,"scale":1,"position":{"pointX":865,"pointY":152.53199768066409},"width":1710,"sublayerTransform":[1,0,0,0,0,1,0,0,0,0,1,0,0,0,0,1],"contentsRect":{"y":0,"x":0,"width":1,"height":1},"opacity":1,"edgeAntialiasingMask":0,"height":69,"hidden":false,"anchorPoint":{"pointX":0.4984225401404308,"pointY":1.8738491777060688}},"texture":"DF4A1ABE0CA3332864506E8F34111A91"}]},{"animations":[],"initialState":{"affineTransform":[1,0,0,1,0,0],"masksToBounds":false,"rotation":0,"scale":1,"position":{"pointX":973.30253982543945,"pointY":540},"width":1365.8639907836914,"sublayerTransform":[1,0,0,0,0,1,0,0,0,0,1,0,0,0,0,1],"contentsRect":{"y":0,"x":0,"width":1,"height":1},"opacity":1,"edgeAntialiasingMask":251658240,"height":63.656008243560791,"hidden":false,"anchorPoint":{"pointX":0.5,"pointY":0.5}},"layers":[{"animations":[],"layers":[],"texturedRectangle":{"singleTextureOpacity":1,"textXHeight":0.50644897959183677,"textBaseline":0.74702295478509395,"isBackgroundTexture":true,"isVerticalText":false,"textColor":[0.99990898370742798,1,0.99987810850143433,1],"textureType":6},"initialState":{"affineTransform":[1,0,0,1,0,0],"masksToBounds":false,"rotation":0,"scale":1,"position":{"pointX":682.93199999999979,"pointY":31.8280029296875},"width":1343,"sublayerTransform":[1,0,0,0,0,1,0,0,0,0,1,0,0,0,0,1],"contentsRect":{"y":0,"x":0,"width":1,"height":1},"opacity":1,"edgeAntialiasingMask":0,"height":49,"hidden":false,"anchorPoint":{"pointX":0.50580978736678595,"pointY":0.38775507771238987}},"texture":"1937937BB3A3CA35C139DE4791FE2B04"}]},{"animations":[],"initialState":{"affineTransform":[1,0,0,1,0,0],"masksToBounds":false,"rotation":0,"scale":1,"position":{"pointX":278.16351893419909,"pointY":842.67086610191473},"width":238.0514641121174,"sublayerTransform":[1,0,0,0,0,1,0,0,0,0,1,0,0,0,0,1],"contentsRect":{"y":0,"x":0,"width":1,"height":1},"opacity":1,"edgeAntialiasingMask":251658240,"height":194.90716189208626,"hidden":false,"anchorPoint":{"pointX":0.5,"pointY":0.5}},"layers":[{"animations":[],"layers":[],"texturedRectangle":{"singleTextureOpacity":1,"textXHeight":0,"shapePath":{"lineWidth":1,"flatness":0.59999999999999998,"lineCapStyle":0,"elements":[{"type":"MoveToPoint","points":[[200.18913285007875,1.2392071551444133]]},{"type":"AddCurve","points":[[199.90752302715555,1.2856815933641883],[199.62774667242775,1.4027852328530344],[199.38981332948606,1.6109836235857529]]},{"type":"AddCurve","points":[[195.0474708230613,5.5369434501329806],[191.42264974130376,11.541133949616892],[189.81656790843408,16.537809667030842]]},{"type":"AddCurve","points":[[189.40018909657374,17.846462209802326],[188.57113471554476,18.928329735876332],[187.38143169453542,19.642143308038385]]},{"type":"AddCurve","points":[[178.81570427658153,24.638820160024125],[179.47001643138356,38.669665572067743],[175.48458301594655,50.982898636132632]]},{"type":"AddCurve","points":[[172.15346175531158,61.154706867716413],[158.65804664813913,65.076921543697608],[150.09224661758344,68.28909396414474]]},{"type":"AddCurve","points":[[141.52651919962955,71.560727022931133],[81.68535763912223,94.941764621254151],[81.685366715697455,150.61899633553639]]},{"type":"AddCurve","points":[[80.257748504896881,175.54289726569004],[70.491158416694816,179.9522063022996],[51.218285341161391,179.95216999600234]]},{"type":"AddCurve","points":[[31.945391843333709,179.95216999600234],[18.981570190208913,161.97303744825695],[14.87713039328446,154.002171416083]]},{"type":"AddCurve","points":[[9.8209697048841917,144.06829650359941],[-2.4365278973280056,149.61156919913719],[2.1437843292500816,159.48587455438974]]},{"type":"AddCurve","points":[[5.8318075188876719,167.39727087165011],[21.948324818737092,196.1244470479578],[52.761157904165884,196.1244470479578]]},{"type":"AddCurve","points":[[77.328147702479328,196.1244470479578],[89.343935822813364,189.46966613834775],[93.21043887308042,186.79285730073752]]},{"type":"AddCurve","points":[[93.983735852503742,186.2574846413263],[95.058202674459608,186.42471144651063],[95.534042130617308,187.25757790567877]]},{"type":"AddCurve","points":[[98.270320957322838,191.77836542802834],[102.84686633427191,196.1244470479578],[108.67634215524595,196.1244470479578]]},{"type":"AddCurve","points":[[108.67634215524595,196.1244470479578],[163.23828619120468,196.1244470479578],[167.3426772015373,196.1244470479578]]},{"type":"AddCurve","points":[[171.44708636502037,196.1244470479578],[173.76324683087296,194.15399537670964],[173.94171045294206,190.28755624989572]]},{"type":"AddCurve","points":[[174.12017407501116,186.89694745498491],[172.02704321558122,183.03795111910949],[167.26832189729612,183.03791481281223]]},{"type":"AddCurve","points":[[158.28619751433143,183.03791481281223],[154.95509440684691,173.46096710870188],[162.21216120889585,168.76169782901707]]},{"type":"AddCurve","points":[[168.10109767416725,164.89522239590588],[174.59981661618804,160.49335615023483],[181.0240531819145,155.6751655938715]]},{"type":"AddCurve","points":[[181.67838348986697,155.19928080252248],[182.55570709794119,155.55617170459846],[182.73422517946165,156.2700079681963]]},{"type":"AddCurve","points":[[186.06534644009662,170.96260372212964],[192.86148659908213,196.12442889480917],[200.35643228462141,196.1244470479578]]},{"type":"AddCurve","points":[[210.94463850045577,196.1244470479578],[207.89977426925907,196.1244470479578],[212.12315918078821,196.1244470479578]]},{"type":"AddCurve","points":[[216.34654409231734,196.1244470479578],[218.72215612589207,194.03503779373386],[218.72219243219297,189.99013506273332]]},{"type":"AddCurve","points":[[218.72219243219297,186.42108081678452],[216.29827486527211,183.16063009755453],[211.36101731231611,182.38730596589448]]},{"type":"AddCurve","points":[[209.16011119866744,182.03039691066988],[207.30865323117177,180.48008171132642],[206.71381079724233,178.27917581821384]]},{"type":"AddCurve","points":[[204.27495318750152,169.65396139050426],[203.2117231656739,153.7679231861548],[203.92548688819807,136.69596701149658]]},{"type":"AddCurve","points":[[203.9849747622211,135.74422465852149],[204.33440475522366,134.91890990918364],[204.929283495454,134.20506456901148]]},{"type":"AddCurve","points":[[214.56573818637116,123.43842303967722],[221.28743227536324,111.48210583826767],[221.28745042851369,98.811943296685968]]},{"type":"AddCurve","points":[[221.28745042851369,80.907193275454119],[212.59904401982203,75.854722721152484],[217.4767410861532,57.414631808519516]]},{"type":"AddCurve","points":[[219.61817747892928,49.384259755134735],[226.15768655001011,48.008695841082954],[226.15772285631101,48.008686764508639]]},{"type":"AddCurve","points":[[226.15772285631101,48.008686764508639],[238.7163627876871,49.55155009633927],[237.34819614460866,36.167608019749196]]},{"type":"AddCurve","points":[[237.28870827058563,35.632248975199445],[237.40398077594,35.100597711257478],[237.70138383975427,34.624735611344249]]},{"type":"AddCurve","points":[[238.5341596166254,33.672988720082003],[238.89480825660576,32.721237290532599],[239.13272344639699,31.947944926882656]]},{"type":"AddCurve","points":[[239.37065678933868,30.996198035620409],[238.83532038258272,30.037026506568282],[237.94303857853811,29.680108374769361]]},{"type":"AddCurve","points":[[234.31449610093841,28.252485768732413],[228.36607176164398,25.110944980463046],[223.96424138119619,19.995330967793734]]},{"type":"AddCurve","points":[[220.33569890359649,15.712465418826469],[211.11938072668272,15.355556363601863],[206.36062310209672,15.534013160357745]]},{"type":"AddCurve","points":[[204.7545594223775,15.593497624704582],[203.37524674492306,14.333184647592589],[203.25628915002744,12.727100706512601]]},{"type":"AddCurve","points":[[203.13733155513182,11.180510306353767],[202.60197699522541,6.6002230029381508],[202.06660428216856,2.6147802011695376]]},{"type":"AddCurve","points":[[201.93276110390434,1.633290226805002],[201.03399862514925,1.0997838316212665],[200.18913285007875,1.2392071551444133]]},{"type":"CloseSubpath"},{"type":"MoveToPoint","points":[[200.18913285007875,1.2392071551444133]]}],"windingRule":0,"lineJoinStyle":0,"miterLimit":10},"isBackgroundTexture":true,"textBaseline":0,"isVerticalText":false,"textureType":5},"initialState":{"affineTransform":[1,0,0,1,0,0],"masksToBounds":false,"rotation":0,"scale":1,"position":{"pointX":119.02573393484789,"pointY":97.453582764050338},"width":241,"sublayerTransform":[1,0,0,0,0,1,0,0,0,0,1,0,0,0,0,1],"contentsRect":{"y":0,"x":0,"width":1,"height":1},"opacity":1,"edgeAntialiasingMask":0,"height":198,"hidden":false,"anchorPoint":{"pointX":0.49860382080078125,"pointY":0.49833771676728222}},"texture":"15C82D643049B875A80E4C8B615AE283"}]},{"animations":[],"initialState":{"affineTransform":[1,0,0,1,0,0],"masksToBounds":false,"rotation":0,"scale":1,"position":{"pointX":1555.6087261249277,"pointY":842.67085463244302},"width":230.47624279351317,"sublayerTransform":[1,0,0,0,0,1,0,0,0,0,1,0,0,0,0,1],"contentsRect":{"y":0,"x":0,"width":1,"height":1},"opacity":1,"edgeAntialiasingMask":251658240,"height":188.70486844530649,"hidden":false,"anchorPoint":{"pointX":0.5,"pointY":0.5}},"layers":[{"animations":[],"layers":[],"texturedRectangle":{"singleTextureOpacity":1,"textXHeight":0,"shapePath":{"lineWidth":1,"flatness":0.59999999999999998,"lineCapStyle":0,"elements":[{"type":"MoveToPoint","points":[[39.129669689091315,1.3396448119549405]]},{"type":"AddCurve","points":[[39.402318186184857,1.3846403506780689],[39.673191559304541,1.4980175435409819],[39.903553439753523,1.6995906902244542]]},{"type":"AddCurve","points":[[44.107714878273327,5.5006194743814376],[47.617187701043804,11.313745925594048],[49.172161151172986,16.151418511686643]]},{"type":"AddCurve","points":[[49.575290048087481,17.418427396978586],[50.377962442998978,18.465867969203828],[51.529806996213665,19.156966720638593]]},{"type":"AddCurve","points":[[59.822957720771228,23.994640405198879],[59.189466943407751,37.578999296649272],[63.048076773511639,49.500403327852837]]},{"type":"AddCurve","points":[[66.273195826252049,59.348526483299793],[79.339162802934879,63.145929294259986],[87.632383829432001,66.255884660393349]]},{"type":"AddCurve","points":[[95.925534553989564,69.423408521324745],[153.86244383663779,92.060419810572057],[153.86243504889535,145.96590272894537]]},{"type":"AddCurve","points":[[155.24462390707413,170.09668068759493],[164.70042371418231,174.36567764804931],[183.35999966282316,174.36564249708317]]},{"type":"AddCurve","points":[[202.01959538388451,174.36564249708317],[214.5708851564616,156.95863800711231],[218.54471437316306,149.2414191456046]]},{"type":"AddCurve","points":[[223.4399790285147,139.62365784676513],[235.30742123873279,144.99053372045455],[230.8728627001401,154.55062107159756]]},{"type":"AddCurve","points":[[227.30219897306188,162.21026265056571],[211.69853794102323,190.02328885509633],[181.86622405107983,190.02328885509633]]},{"type":"AddCurve","points":[[158.08099959728224,190.02328885509633],[146.44757524298711,183.58027494073031],[142.70411120213794,180.98864693357609]]},{"type":"AddCurve","points":[[141.95542190906508,180.47031078685541],[140.91514653393006,180.63221613690257],[140.45444913625943,181.43857930018567]]},{"type":"AddCurve","points":[[137.80524357238392,185.81550730217714],[133.37433201555996,190.02328885509633],[127.73036049165057,190.02328885509633]]},{"type":"AddCurve","points":[[127.73036049165057,190.02328885509633],[74.904674634935873,190.02328885509633],[70.930892652349939,190.02328885509633]]},{"type":"AddCurve","points":[[66.957093094279116,190.02328885509633],[64.714636977205373,188.11554046970559],[64.54185238525497,184.37213833048008]]},{"type":"AddCurve","points":[[64.369067793304566,181.08942475350341],[66.395591503023752,177.35322856233688],[71.002881838458052,177.35319341137074]]},{"type":"AddCurve","points":[[79.699179035415,177.35319341137074],[82.924280512670521,168.08100126066711],[75.898146493809691,163.53127110912465]]},{"type":"AddCurve","points":[[70.196606469144172,159.787833818933],[63.904688331549551,155.52604280653759],[57.68488240845727,150.86117566539906]]},{"type":"AddCurve","points":[[57.051374055608903,150.40043437670101],[56.201968446375759,150.74596837387071],[56.029131127970686,151.43708909465931]]},{"type":"AddCurve","points":[[52.804012075230276,165.66214025209774],[46.224137193203205,190.02327127961325],[38.967694020348063,190.02328885509633]]},{"type":"AddCurve","points":[[28.716423373261932,190.02328885509633],[31.664394604777044,190.02328885509633],[27.575405318739286,190.02328885509633]]},{"type":"AddCurve","points":[[23.486416032701527,190.02328885509633],[21.186400202614095,188.00036832914338],[21.186365051644316,184.08418161584996]]},{"type":"AddCurve","points":[[21.186365051644316,180.62870104028843],[23.533149247023175,177.47200367692858],[28.313294476347437,176.72328809811734]]},{"type":"AddCurve","points":[[30.444163839856628,176.37773652546457],[32.236705119239559,174.87675512026181],[32.812618608104458,172.74588597728871]]},{"type":"AddCurve","points":[[35.17386742754752,164.39514125301503],[36.203263577535836,149.01462511206046],[35.512213087158671,132.48592902532255]]},{"type":"AddCurve","points":[[35.454618223175203,131.56447281115106],[35.116307714533832,130.76542104882537],[34.540359074699154,130.07429154029523]]},{"type":"AddCurve","points":[[25.210553524893839,119.65026374332956],[18.70275570639933,108.07441787558491],[18.70273813091444,95.807442499310127]]},{"type":"AddCurve","points":[[18.70273813091444,78.472453551221406],[27.114663982356433,73.580761619443365],[22.392183918955197,55.727467281729332]]},{"type":"AddCurve","points":[[20.318891843944584,47.952635986715904],[13.987481591802862,46.620844969293103],[13.987446440833082,46.620836181551567]]},{"type":"AddCurve","points":[[13.987446440833082,46.620836181551567],[1.8284447863970854,48.114602850953816],[3.1530739315621759,35.156561677275022]]},{"type":"AddCurve","points":[[3.2106687955456437,34.63823871216664],[3.0990644664962019,34.123505539475445],[2.8111252975486423,33.662786220131238]]},{"type":"AddCurve","points":[[2.004849928234762,32.741325612088986],[1.6556777699315717,31.819860610175965],[1.4253334649674798,31.071175788460096]]},{"type":"AddCurve","points":[[1.1949715845184983,30.149715180417843],[1.7132726339150395,29.221066199799679],[2.5771604426972772,28.875505839405378]]},{"type":"AddCurve","points":[[6.0902362398701371,27.493312730406615],[11.849371128519124,24.451741371965909],[16.111127431022396,19.498915319261869]]},{"type":"AddCurve","points":[[19.624203228195256,15.352338189200964],[28.547241755713912,15.006786616548197],[33.154567242117992,15.179564599809964]]},{"type":"AddCurve","points":[[34.709523116762284,15.237156162429528],[36.044943609649636,14.016948591619439],[36.160115762131682,12.461973105488141]]},{"type":"AddCurve","points":[[36.275287914613727,10.964597969717943],[36.793606539495158,6.530063575793065],[37.311942739861479,2.6714446707553634]]},{"type":"AddCurve","points":[[37.441526789953059,1.7211874575525599],[38.311689046840911,1.2046581872036768],[39.129669689091315,1.3396448119549405]]},{"type":"CloseSubpath"},{"type":"MoveToPoint","points":[[39.129669689091315,1.3396448119549405]]}],"windingRule":0,"lineJoinStyle":0,"miterLimit":10},"isBackgroundTexture":true,"textBaseline":0,"isVerticalText":false,"textureType":5},"initialState":{"affineTransform":[1,0,0,1,0,0],"masksToBounds":false,"rotation":0,"scale":1,"position":{"pointX":115.23812177329364,"pointY":94.352432251342975},"width":233,"sublayerTransform":[1,0,0,0,0,1,0,0,0,0,1,0,0,0,0,1],"contentsRect":{"y":0,"x":0,"width":1,"height":1},"opacity":1,"edgeAntialiasingMask":0,"height":192,"hidden":false,"anchorPoint":{"pointX":0.50046663734534269,"pointY":0.49828569094340008}},"texture":"235AE52CEB10D3079D7B5FBD9551DD11"}]},{"animations":[],"initialState":{"affineTransform":[1,0,0,1,0,0],"masksToBounds":false,"rotation":0,"scale":1,"position":{"pointX":311.74600823993899,"pointY":999.7080107025339},"width":107.05444206856191,"sublayerTransform":[1,0,0,0,0,1,0,0,0,0,1,0,0,0,0,1],"contentsRect":{"y":0,"x":0,"width":1,"height":1},"opacity":1,"edgeAntialiasingMask":251658240,"height":40.972795635461807,"hidden":false,"anchorPoint":{"pointX":0.5,"pointY":0.5}},"layers":[{"animations":[],"layers":[],"texturedRectangle":{"singleTextureOpacity":1,"textXHeight":0,"shapePath":{"lineWidth":1,"flatness":0.59999999999999998,"lineCapStyle":0,"elements":[{"type":"MoveToPoint","points":[[16.315781021743192,1.2216128848029939]]},{"type":"AddCurve","points":[[7.9928444436782229,1.2216128848029939],[1.2187898732660187,10.401529683492868],[1.2187872056580318,21.712178840441879]]},{"type":"AddCurve","points":[[1.2187872056580318,33.02283760078069],[7.9661686308081698,42.194397583070895],[16.315781021743192,42.194408520264801]]},{"type":"AddCurve","points":[[23.278238072156284,42.194408520264801],[29.145319006398609,35.793820216941072],[30.879253245211316,27.097413017554459]]},{"type":"AddCurve","points":[[31.03930972299645,26.243778373999817],[31.81792099835144,25.630226339858268],[32.671552345409168,25.63022847394484]]},{"type":"AddLine","points":[[35.680947578764631,25.63022847394484]]},{"type":"AddLine","points":[[35.680947578764631,26.247112884326157]]},{"type":"AddCurve","points":[[35.680947578764631,27.100747527880799],[36.377862293206988,27.789320442388657],[37.231494707307888,27.78932391027945]]},{"type":"AddCurve","points":[[38.085129255495133,27.78932391027945],[38.78204396993749,27.10075072901077],[38.782041835851146,26.247112884326157]]},{"type":"AddLine","points":[[38.782041835851146,25.63022847394484]]},{"type":"AddLine","points":[[78.929541680283023,25.63022847394484]]},{"type":"AddLine","points":[[78.929541680283023,26.247112884326157]]},{"type":"AddCurve","points":[[78.929541680283023,27.100747527880799],[79.618103847432167,27.789320442388657],[80.47175253394164,27.78932391027945]]},{"type":"AddCurve","points":[[81.325387082128884,27.78932391027945],[82.022301796571242,27.10075072901077],[82.022299662484897,26.247112884326157]]},{"type":"AddLine","points":[[82.022299662484897,25.63022847394484]]},{"type":"AddLine","points":[[89.941760802894009,25.63022847394484]]},{"type":"AddCurve","points":[[90.261873758464276,25.63022847394484],[90.533638453789877,25.901998534848417],[90.533636319703533,26.222104056878266]]},{"type":"AddLine","points":[[90.533636319703533,32.115851058764633]]},{"type":"AddCurve","points":[[90.533636319703533,32.435964050097596],[90.261860687185219,32.699381829535696],[89.941760802894009,32.699390365882095]]},{"type":"AddLine","points":[[89.491601959123386,32.699390365882095]]},{"type":"AddCurve","points":[[89.17148900355312,32.699390365882095],[88.899724308227519,32.971160426785673],[88.899726442313863,33.291265948815521]]},{"type":"AddLine","points":[[88.899726442313863,36.725811584992584]]},{"type":"AddCurve","points":[[88.899726442313863,37.045924576325547],[89.171502074832176,37.317694903989945],[89.491601959123386,37.31768716792601]]},{"type":"AddLine","points":[[93.493013903751148,37.31768716792601]]},{"type":"AddCurve","points":[[93.813126859321414,37.31768716792601],[94.07654460933054,37.04590616982864],[94.07655314567603,36.725811584992584]]},{"type":"AddLine","points":[[94.07655314567603,34.700096561713394]]},{"type":"AddCurve","points":[[94.07655314567603,34.379983570380432],[94.348328778194343,34.116565790942332],[94.668428662485553,34.116557254595932]]},{"type":"AddLine","points":[[96.560763061299099,34.116557254595932]]},{"type":"AddCurve","points":[[96.880876016869365,34.116557254595932],[97.144293766878491,34.379974767273097],[97.144302303223981,34.700096561713394]]},{"type":"AddLine","points":[[97.144302303223981,36.725811584992584]]},{"type":"AddCurve","points":[[97.144302303223981,37.045924576325547],[97.416077935742294,37.317694903989945],[97.736177820033504,37.31768716792601]]},{"type":"AddLine","points":[[101.73758976466127,37.31768716792601]]},{"type":"AddCurve","points":[[102.05770272023153,37.31768716792601],[102.321109533048,37.04590616982864],[102.32112900658615,36.725811584992584]]},{"type":"AddLine","points":[[102.32112900658615,33.291265948815521]]},{"type":"AddCurve","points":[[102.32112900658615,32.971152957482559],[102.05771152333773,32.69938262981816],[101.73758976466127,32.699390365882095]]},{"type":"AddLine","points":[[101.279094646006,32.699390365882095]]},{"type":"AddCurve","points":[[100.95898169043573,32.699390365882095],[100.69556394042661,32.43597285320493],[100.69555540408112,32.115851058764633]]},{"type":"AddLine","points":[[100.69555540408112,26.222104056878266]]},{"type":"AddCurve","points":[[100.69555540408112,25.901991065545303],[100.95898382452219,25.630220737880904],[101.279094646006,25.63022847394484]]},{"type":"AddLine","points":[[106.90608019313879,25.63022847394484]]},{"type":"AddCurve","points":[[107.65301042280259,25.63022847394484],[108.27325968495074,25.01835329835626],[108.27322927421994,24.271415515942749]]},{"type":"AddLine","points":[[108.27322927421994,19.15294216494101]]},{"type":"AddCurve","points":[[108.21987711495819,18.406011851830613],[107.60299277349475,17.785795065209527],[106.85606254383094,17.785792931122955]]},{"type":"AddLine","points":[[82.022299662484897,17.785792931122955]]},{"type":"AddLine","points":[[82.022299662484897,17.177244796557602]]},{"type":"AddCurve","points":[[82.022299662484897,16.32361015300296],[81.325374010849885,15.626684690268689],[80.47175253394164,15.626697494788345]]},{"type":"AddCurve","points":[[79.618117985754395,15.626697494788345],[78.92956675579785,16.323623224283438],[78.929541680283023,17.177244796557602]]},{"type":"AddLine","points":[[78.929541680283023,17.785792931122955]]},{"type":"AddLine","points":[[38.782041835851146,17.785792931122955]]},{"type":"AddLine","points":[[38.782041835851146,17.177244796557602]]},{"type":"AddCurve","points":[[38.782041835851146,16.32361015300296],[38.085127121408789,15.626684690268689],[37.231494707307888,15.626697494788345]]},{"type":"AddCurve","points":[[36.377860159120644,15.626697494788345],[35.680945444678287,16.323623224283438],[35.680947578764631,17.177244796557602]]},{"type":"AddLine","points":[[35.680947578764631,17.785792931122955]]},{"type":"AddLine","points":[[32.671552345409168,17.785792931122955]]},{"type":"AddCurve","points":[[31.817917797221924,17.785792931122955],[31.03930118665096,17.172240896981407],[30.879253245211316,16.318608387513336]]},{"type":"AddCurve","points":[[29.145308069205953,7.6222051895391587],[23.278231403136374,1.2216128848029939],[16.315781021743192,1.2216128848029939]]},{"type":"CloseSubpath"},{"type":"MoveToPoint","points":[[16.290772197089268,7.0153245768977968]]},{"type":"AddCurve","points":[[20.265508062086155,7.0153245768977968],[23.493317698831163,10.823339104281558],[23.493313697419239,15.518325909180817]]},{"type":"AddCurve","points":[[23.493313697419239,17.385651691956696],[22.988138640539546,19.124606296469892],[22.134500891222729,20.5117551229431]]},{"type":"AddCurve","points":[[21.68100753749826,21.232009353442322],[21.68100753749826,22.190675470300903],[22.134500891222729,22.93761138538855]]},{"type":"AddCurve","points":[[22.988135439409973,24.351443763776047],[23.493310229528902,26.055376406472419],[23.493313697419239,27.92270432333487]]},{"type":"AddCurve","points":[[23.493313697419239,32.617694862885628],[20.265509129129384,36.434032328044054],[16.290772197089268,36.434041931433853]]},{"type":"AddCurve","points":[[12.316036332092381,36.434041931433853],[9.0882266953473732,32.617699131058885],[9.0882306967592967,27.92270432333487]]},{"type":"AddCurve","points":[[9.0882306967592967,26.055378540558991],[9.5933974840543215,24.3247655470783],[10.447043502955808,22.93761138538855]]},{"type":"AddCurve","points":[[10.900536856680276,22.190681072278153],[10.900545126264944,21.258695039443182],[10.447043502955808,20.5117551229431]]},{"type":"AddCurve","points":[[9.593408954768563,19.097922744555603],[9.0882341646496343,17.385648224065903],[9.0882306967592967,15.518325909180817]]},{"type":"AddCurve","points":[[9.0882306967592967,10.823335369630058],[12.316035265049152,7.0153259107019039],[16.290772197089268,7.0153245768977968]]},{"type":"CloseSubpath"},{"type":"MoveToPoint","points":[[16.290772197089268,7.0153245768977968]]}],"windingRule":0,"lineJoinStyle":0,"miterLimit":10},"isBackgroundTexture":true,"textBaseline":0,"isVerticalText":false,"textureType":5},"initialState":{"affineTransform":[1,0,0,1,0,0],"masksToBounds":false,"rotation":0,"scale":1,"position":{"pointX":53.5272216796875,"pointY":20.486396789550781},"width":110,"sublayerTransform":[1,0,0,0,0,1,0,0,0,0,1,0,0,0,0,1],"contentsRect":{"y":0,"x":0,"width":1,"height":1},"opacity":1,"edgeAntialiasingMask":0,"height":44,"hidden":false,"anchorPoint":{"pointX":0.49769098986677757,"pointY":0.49336385623531309}},"texture":"8C32BEDAE33DDDAC01816E910BB294CA"}]}]}}]}