{"assets":{"4D67F29A3A854ABE8ACC62EF7777A246":{"type":"texture","index":2,"url":{"native":"assets\/884304A6-5527-4314-9B52-9A795933E5BA.pdf"},"width":1723,"height":38},"235AE52CEB10D3079D7B5FBD9551DD11":{"type":"texture","index":5,"url":{"native":"assets\/884304A6-5527-4314-9B52-9A795933E5BA.pdf"},"width":233,"height":192},"576888887BE068768CE77681597BD378":{"type":"texture","index":9,"url":{"native":"assets\/884304A6-5527-4314-9B52-9A795933E5BA.pdf"},"width":182,"height":48},"48F78F80D7424184279D8B7B1759EA9D":{"type":"texture","index":3,"url":{"native":"assets\/884304A6-5527-4314-9B52-9A795933E5BA.pdf"},"width":1616,"height":37},"25A46E1771F4B142BF2013B7618497BD":{"type":"texture","index":7,"url":{"native":"assets\/884304A6-5527-4314-9B52-9A795933E5BA.pdf"},"width":187,"height":39},"F2050B2BB45030D78064AB3E388659CA":{"type":"texture","index":12,"url":{"native":"assets\/884304A6-5527-4314-9B52-9A795933E5BA.pdf"},"width":27,"height":38},"5BA6DF7ACEF516F7DAB78587CF30CE20":{"type":"texture","index":0,"url":{"native":"assets\/884304A6-5527-4314-9B52-9A795933E5BA.pdf"},"width":1920,"height":1080},"C872564D0222971ECB2A851D7AC604D0":{"type":"texture","index":10,"url":{"native":"assets\/884304A6-5527-4314-9B52-9A795933E5BA.pdf"},"width":27,"height":38},"AD27FA429DD4FA1F52B4729583DD5FB0":{"type":"texture","index":6,"url":{"native":"assets\/884304A6-5527-4314-9B52-9A795933E5BA.pdf"},"width":297,"height":39},"A6E2E9A87617547643853A6B7210DF68":{"type":"texture","index":8,"url":{"native":"assets\/884304A6-5527-4314-9B52-9A795933E5BA.pdf"},"width":181,"height":48},"15C82D643049B875A80E4C8B615AE283":{"type":"texture","index":4,"url":{"native":"assets\/884304A6-5527-4314-9B52-9A795933E5BA.pdf"},"width":241,"height":198},"32FD09B3746FA1E6EE93E788835DE147":{"type":"texture","index":1,"url":{"native":"assets\/884304A6-5527-4314-9B52-9A795933E5BA.pdf"},"width":1574,"height":37},"108ADA625540BAD49EC76E0AA6B3949B":{"type":"texture","index":11,"url":{"native":"assets\/884304A6-5527-4314-9B52-9A795933E5BA.pdf"},"width":52,"height":38},"A3EC31839FD8B69CF16AAD27ACAB75FD":{"type":"texture","index":13,"url":{"native":"assets\/884304A6-5527-4314-9B52-9A795933E5BA.pdf"},"width":52,"height":38}},"events":[{"effects":[{"beginTime":0,"baseLayer":{"animations":[],"initialState":{"affineTransform":[1,0,0,1,0,0],"masksToBounds":false,"rotation":0,"scale":1,"position":{"pointX":960,"pointY":540},"width":1920,"sublayerTransform":[1,0,0,0,0,1,0,0,0,0,1,0,0,0,0,1],"contentsRect":{"y":0,"x":0,"width":1,"height":1},"opacity":1,"edgeAntialiasingMask":251658240,"height":1080,"hidden":false,"anchorPoint":{"pointX":0.5,"pointY":0.5}},"objectID":"0","layers":[{"animations":[],"initialState":{"affineTransform":[1,0,0,1,0,0],"masksToBounds":false,"rotation":0,"scale":1,"position":{"pointX":960,"pointY":540},"width":1920,"sublayerTransform":[1,0,0,0,0,1,0,0,0,0,1,-0.00035007912466775983,0,0,0,1],"contentsRect":{"y":0,"x":0,"width":1,"height":1},"opacity":1,"edgeAntialiasingMask":251658240,"height":1080,"hidden":false,"anchorPoint":{"pointX":0.5,"pointY":0.5}},"layers":[{"animations":[{"additive":false,"timeOffset":0,"beginTime":0,"repeatCount":0,"fillMode":"both","duration":1,"autoreverses":false,"animations":[{"repeatCount":0,"removedOnCompletion":true,"from":{"scalar":0},"timingFunction":"EaseInEaseOut","additive":false,"timeOffset":0,"autoreverses":false,"property":"zPosition","fillMode":"both","duration":1,"beginTime":0,"to":{"scalar":0}}],"removedOnCompletion":false}],"initialState":{"affineTransform":[1,0,0,1,0,0],"masksToBounds":false,"rotation":0,"scale":1,"position":{"pointX":960,"pointY":540},"width":1920,"sublayerTransform":[1,0,0,0,0,1,0,0,0,0,1,0,0,0,0,1],"contentsRect":{"y":0,"x":0,"width":1,"height":1},"opacity":1,"edgeAntialiasingMask":251658240,"height":1080,"hidden":false,"anchorPoint":{"pointX":0.5,"pointY":0.5}},"layers":[{"animations":[],"layers":[],"texturedRectangle":{"isBackgroundTexture":true,"singleTextureOpacity":1,"textureType":1,"textBaseline":0,"textXHeight":0,"isVerticalText":false},"initialState":{"affineTransform":[1,0,0,1,0,0],"masksToBounds":false,"rotation":0,"scale":1,"position":{"pointX":960,"pointY":540},"width":1920,"sublayerTransform":[1,0,0,0,0,1,0,0,0,0,1,0,0,0,0,1],"contentsRect":{"y":0,"x":0,"width":1,"height":1},"opacity":1,"edgeAntialiasingMask":0,"height":1080,"hidden":false,"anchorPoint":{"pointX":0.5,"pointY":0.5}},"texture":"5BA6DF7ACEF516F7DAB78587CF30CE20"}]}]},{"animations":[{"additive":false,"timeOffset":0,"beginTime":0,"repeatCount":0,"fillMode":"both","duration":1,"autoreverses":false,"animations":[{"repeatCount":0,"removedOnCompletion":true,"from":{"scalar":0.001},"timingFunction":"EaseInEaseOut","additive":false,"timeOffset":0,"autoreverses":false,"property":"zPosition","fillMode":"both","duration":1,"beginTime":0,"to":{"scalar":0.001}}],"removedOnCompletion":false}],"initialState":{"affineTransform":[1,0,0,1,0,0],"masksToBounds":false,"rotation":0,"scale":1,"position":{"pointX":960,"pointY":180.83139419555664},"width":1730,"sublayerTransform":[1,0,0,0,0,1,0,0,0,0,1,0,0,0,0,1],"contentsRect":{"y":0,"x":0,"width":1,"height":1},"opacity":1,"edgeAntialiasingMask":251658240,"height":305.06399536132818,"hidden":false,"anchorPoint":{"pointX":0.5,"pointY":0.5}},"layers":[{"animations":[{"additive":false,"timeOffset":0,"beginTime":0,"repeatCount":0,"fillMode":"both","duration":1,"autoreverses":false,"animations":[{"repeatCount":0,"removedOnCompletion":true,"from":{"texture":"32FD09B3746FA1E6EE93E788835DE147"},"timingFunction":"EaseInEaseOut","additive":false,"timeOffset":0,"autoreverses":false,"property":"contents","fillMode":"both","duration":1,"beginTime":0,"to":{"texture":"32FD09B3746FA1E6EE93E788835DE147"}}],"removedOnCompletion":false}],"layers":[],"texturedRectangle":{"singleTextureOpacity":1,"textXHeight":0.50302702702702695,"textBaseline":0.74171128144135345,"isBackgroundTexture":true,"isVerticalText":false,"textColor":[0.99990898370742798,1,0.99987810850143433,1],"textureType":6},"initialState":{"affineTransform":[1,0,0,1,0,0],"masksToBounds":false,"rotation":0,"scale":1,"position":{"pointX":865,"pointY":152.53199768066409},"width":1574,"sublayerTransform":[1,0,0,0,0,1,0,0,0,0,1,0,0,0,0,1],"contentsRect":{"y":0,"x":0,"width":1,"height":1},"opacity":1,"edgeAntialiasingMask":0,"height":37,"hidden":false,"anchorPoint":{"pointX":0.54701397712833544,"pointY":-0.81536772444441508}},"texture":"32FD09B3746FA1E6EE93E788835DE147"}]},{"animations":[{"additive":false,"timeOffset":0,"beginTime":0,"repeatCount":0,"fillMode":"both","duration":1,"autoreverses":false,"animations":[{"repeatCount":0,"removedOnCompletion":true,"from":{"scalar":0.002},"timingFunction":"EaseInEaseOut","additive":false,"timeOffset":0,"autoreverses":false,"property":"zPosition","fillMode":"both","duration":1,"beginTime":0,"to":{"scalar":0.002}}],"removedOnCompletion":false}],"initialState":{"affineTransform":[1,0,0,1,0,0],"masksToBounds":false,"rotation":0,"scale":1,"position":{"pointX":960,"pointY":180.83139419555664},"width":1730,"sublayerTransform":[1,0,0,0,0,1,0,0,0,0,1,0,0,0,0,1],"contentsRect":{"y":0,"x":0,"width":1,"height":1},"opacity":1,"edgeAntialiasingMask":251658240,"height":305.06399536132818,"hidden":false,"anchorPoint":{"pointX":0.5,"pointY":0.5}},"layers":[{"animations":[{"additive":false,"timeOffset":0,"beginTime":0,"repeatCount":0,"fillMode":"both","duration":1,"autoreverses":false,"animations":[{"repeatCount":0,"removedOnCompletion":true,"from":{"texture":"4D67F29A3A854ABE8ACC62EF7777A246"},"timingFunction":"EaseInEaseOut","additive":false,"timeOffset":0,"autoreverses":false,"property":"contents","fillMode":"both","duration":1,"beginTime":0,"to":{"texture":"4D67F29A3A854ABE8ACC62EF7777A246"}}],"removedOnCompletion":false}],"layers":[],"texturedRectangle":{"singleTextureOpacity":1,"textXHeight":0.4897894736842105,"textBaseline":0.74850835298237051,"isBackgroundTexture":true,"isVerticalText":false,"textColor":[0.99990898370742798,1,0.99987810850143433,1],"textureType":6},"initialState":{"affineTransform":[1,0,0,1,0,0],"masksToBounds":false,"rotation":0,"scale":1,"position":{"pointX":865,"pointY":152.53199768066409},"width":1723,"sublayerTransform":[1,0,0,0,0,1,0,0,0,0,1,0,0,0,0,1],"contentsRect":{"y":0,"x":0,"width":1,"height":1},"opacity":1,"edgeAntialiasingMask":0,"height":38,"hidden":false,"anchorPoint":{"pointX":0.50029019152640741,"pointY":1.5481945840935958}},"texture":"4D67F29A3A854ABE8ACC62EF7777A246"}]},{"animations":[{"additive":false,"timeOffset":0,"beginTime":0,"repeatCount":0,"fillMode":"both","duration":1,"autoreverses":false,"animations":[{"repeatCount":0,"removedOnCompletion":true,"from":{"scalar":0.0030000000000000001},"timingFunction":"EaseInEaseOut","additive":false,"timeOffset":0,"autoreverses":false,"property":"zPosition","fillMode":"both","duration":1,"beginTime":0,"to":{"scalar":0.0030000000000000001}}],"removedOnCompletion":false}],"initialState":{"affineTransform":[1,0,0,1,0,0],"masksToBounds":false,"rotation":0,"scale":1,"position":{"pointX":960,"pointY":180.83139419555664},"width":1730,"sublayerTransform":[1,0,0,0,0,1,0,0,0,0,1,0,0,0,0,1],"contentsRect":{"y":0,"x":0,"width":1,"height":1},"opacity":1,"edgeAntialiasingMask":251658240,"height":305.06399536132818,"hidden":false,"anchorPoint":{"pointX":0.5,"pointY":0.5}},"layers":[{"animations":[{"additive":false,"timeOffset":0,"beginTime":0,"repeatCount":0,"fillMode":"both","duration":1,"autoreverses":false,"animations":[{"repeatCount":0,"removedOnCompletion":true,"from":{"texture":"48F78F80D7424184279D8B7B1759EA9D"},"timingFunction":"EaseInEaseOut","additive":false,"timeOffset":0,"autoreverses":false,"property":"contents","fillMode":"both","duration":1,"beginTime":0,"to":{"texture":"48F78F80D7424184279D8B7B1759EA9D"}}],"removedOnCompletion":false}],"layers":[],"texturedRectangle":{"singleTextureOpacity":1,"textXHeight":0.50302702702702695,"textBaseline":0.74171128144135345,"isBackgroundTexture":true,"isVerticalText":false,"textColor":[0.99990898370742798,1,0.99987810850143433,1],"textureType":6},"initialState":{"affineTransform":[1,0,0,1,0,0],"masksToBounds":false,"rotation":0,"scale":1,"position":{"pointX":865,"pointY":152.53199768066409},"width":1616,"sublayerTransform":[1,0,0,0,0,1,0,0,0,0,1,0,0,0,0,1],"contentsRect":{"y":0,"x":0,"width":1,"height":1},"opacity":1,"edgeAntialiasingMask":0,"height":37,"hidden":false,"anchorPoint":{"pointX":0.53279702970297027,"pointY":0.37382146474477407}},"texture":"48F78F80D7424184279D8B7B1759EA9D"}]},{"animations":[{"additive":false,"timeOffset":0,"beginTime":0,"repeatCount":0,"fillMode":"both","duration":1,"autoreverses":false,"animations":[{"repeatCount":0,"removedOnCompletion":true,"from":{"scalar":0.0040000000000000001},"timingFunction":"EaseInEaseOut","additive":false,"timeOffset":0,"autoreverses":false,"property":"zPosition","fillMode":"both","duration":1,"beginTime":0,"to":{"scalar":0.0040000000000000001}}],"removedOnCompletion":false}],"initialState":{"affineTransform":[1,0,0,1,0,0],"masksToBounds":false,"rotation":0,"scale":1,"position":{"pointX":278.16351893419909,"pointY":842.67086610191473},"width":238.0514641121174,"sublayerTransform":[1,0,0,0,0,1,0,0,0,0,1,0,0,0,0,1],"contentsRect":{"y":0,"x":0,"width":1,"height":1},"opacity":1,"edgeAntialiasingMask":251658240,"height":194.90716189208626,"hidden":false,"anchorPoint":{"pointX":0.5,"pointY":0.5}},"layers":[{"animations":[{"additive":false,"timeOffset":0,"beginTime":0,"repeatCount":0,"fillMode":"both","duration":1,"autoreverses":false,"animations":[{"repeatCount":0,"removedOnCompletion":true,"from":{"texture":"15C82D643049B875A80E4C8B615AE283"},"timingFunction":"EaseInEaseOut","additive":false,"timeOffset":0,"autoreverses":false,"property":"contents","fillMode":"both","duration":1,"beginTime":0,"to":{"texture":"15C82D643049B875A80E4C8B615AE283"}}],"removedOnCompletion":false}],"layers":[],"texturedRectangle":{"singleTextureOpacity":1,"textXHeight":0,"shapePath":{"lineWidth":1,"flatness":0.59999999999999998,"lineCapStyle":0,"elements":[{"type":"MoveToPoint","points":[[200.18913285007875,1.2392071551444133]]},{"type":"AddCurve","points":[[199.90752302715555,1.2856815933641883],[199.62774667242775,1.4027852328530344],[199.38981332948606,1.6109836235857529]]},{"type":"AddCurve","points":[[195.0474708230613,5.5369434501329806],[191.42264974130376,11.541133949616892],[189.81656790843408,16.537809667030842]]},{"type":"AddCurve","points":[[189.40018909657374,17.846462209802326],[188.57113471554476,18.928329735876332],[187.38143169453542,19.642143308038385]]},{"type":"AddCurve","points":[[178.81570427658153,24.638820160024125],[179.47001643138356,38.669665572067743],[175.48458301594655,50.982898636132632]]},{"type":"AddCurve","points":[[172.15346175531158,61.154706867716413],[158.65804664813913,65.076921543697608],[150.09224661758344,68.28909396414474]]},{"type":"AddCurve","points":[[141.52651919962955,71.560727022931133],[81.68535763912223,94.941764621254151],[81.685366715697455,150.61899633553639]]},{"type":"AddCurve","points":[[80.257748504896881,175.54289726569004],[70.491158416694816,179.9522063022996],[51.218285341161391,179.95216999600234]]},{"type":"AddCurve","points":[[31.945391843333709,179.95216999600234],[18.981570190208913,161.97303744825695],[14.87713039328446,154.002171416083]]},{"type":"AddCurve","points":[[9.8209697048841917,144.06829650359941],[-2.4365278973280056,149.61156919913719],[2.1437843292500816,159.48587455438974]]},{"type":"AddCurve","points":[[5.8318075188876719,167.39727087165011],[21.948324818737092,196.1244470479578],[52.761157904165884,196.1244470479578]]},{"type":"AddCurve","points":[[77.328147702479328,196.1244470479578],[89.343935822813364,189.46966613834775],[93.21043887308042,186.79285730073752]]},{"type":"AddCurve","points":[[93.983735852503742,186.2574846413263],[95.058202674459608,186.42471144651063],[95.534042130617308,187.25757790567877]]},{"type":"AddCurve","points":[[98.270320957322838,191.77836542802834],[102.84686633427191,196.1244470479578],[108.67634215524595,196.1244470479578]]},{"type":"AddCurve","points":[[108.67634215524595,196.1244470479578],[163.23828619120468,196.1244470479578],[167.3426772015373,196.1244470479578]]},{"type":"AddCurve","points":[[171.44708636502037,196.1244470479578],[173.76324683087296,194.15399537670964],[173.94171045294206,190.28755624989572]]},{"type":"AddCurve","points":[[174.12017407501116,186.89694745498491],[172.02704321558122,183.03795111910949],[167.26832189729612,183.03791481281223]]},{"type":"AddCurve","points":[[158.28619751433143,183.03791481281223],[154.95509440684691,173.46096710870188],[162.21216120889585,168.76169782901707]]},{"type":"AddCurve","points":[[168.10109767416725,164.89522239590588],[174.59981661618804,160.49335615023483],[181.0240531819145,155.6751655938715]]},{"type":"AddCurve","points":[[181.67838348986697,155.19928080252248],[182.55570709794119,155.55617170459846],[182.73422517946165,156.2700079681963]]},{"type":"AddCurve","points":[[186.06534644009662,170.96260372212964],[192.86148659908213,196.12442889480917],[200.35643228462141,196.1244470479578]]},{"type":"AddCurve","points":[[210.94463850045577,196.1244470479578],[207.89977426925907,196.1244470479578],[212.12315918078821,196.1244470479578]]},{"type":"AddCurve","points":[[216.34654409231734,196.1244470479578],[218.72215612589207,194.03503779373386],[218.72219243219297,189.99013506273332]]},{"type":"AddCurve","points":[[218.72219243219297,186.42108081678452],[216.29827486527211,183.16063009755453],[211.36101731231611,182.38730596589448]]},{"type":"AddCurve","points":[[209.16011119866744,182.03039691066988],[207.30865323117177,180.48008171132642],[206.71381079724233,178.27917581821384]]},{"type":"AddCurve","points":[[204.27495318750152,169.65396139050426],[203.2117231656739,153.7679231861548],[203.92548688819807,136.69596701149658]]},{"type":"AddCurve","points":[[203.9849747622211,135.74422465852149],[204.33440475522366,134.91890990918364],[204.929283495454,134.20506456901148]]},{"type":"AddCurve","points":[[214.56573818637116,123.43842303967722],[221.28743227536324,111.48210583826767],[221.28745042851369,98.811943296685968]]},{"type":"AddCurve","points":[[221.28745042851369,80.907193275454119],[212.59904401982203,75.854722721152484],[217.4767410861532,57.414631808519516]]},{"type":"AddCurve","points":[[219.61817747892928,49.384259755134735],[226.15768655001011,48.008695841082954],[226.15772285631101,48.008686764508639]]},{"type":"AddCurve","points":[[226.15772285631101,48.008686764508639],[238.7163627876871,49.55155009633927],[237.34819614460866,36.167608019749196]]},{"type":"AddCurve","points":[[237.28870827058563,35.632248975199445],[237.40398077594,35.100597711257478],[237.70138383975427,34.624735611344249]]},{"type":"AddCurve","points":[[238.5341596166254,33.672988720082003],[238.89480825660576,32.721237290532599],[239.13272344639699,31.947944926882656]]},{"type":"AddCurve","points":[[239.37065678933868,30.996198035620409],[238.83532038258272,30.037026506568282],[237.94303857853811,29.680108374769361]]},{"type":"AddCurve","points":[[234.31449610093841,28.252485768732413],[228.36607176164398,25.110944980463046],[223.96424138119619,19.995330967793734]]},{"type":"AddCurve","points":[[220.33569890359649,15.712465418826469],[211.11938072668272,15.355556363601863],[206.36062310209672,15.534013160357745]]},{"type":"AddCurve","points":[[204.7545594223775,15.593497624704582],[203.37524674492306,14.333184647592589],[203.25628915002744,12.727100706512601]]},{"type":"AddCurve","points":[[203.13733155513182,11.180510306353767],[202.60197699522541,6.6002230029381508],[202.06660428216856,2.6147802011695376]]},{"type":"AddCurve","points":[[201.93276110390434,1.633290226805002],[201.03399862514925,1.0997838316212665],[200.18913285007875,1.2392071551444133]]},{"type":"CloseSubpath"},{"type":"MoveToPoint","points":[[200.18913285007875,1.2392071551444133]]}],"windingRule":0,"lineJoinStyle":0,"miterLimit":10},"isBackgroundTexture":true,"textBaseline":0,"isVerticalText":false,"textureType":5},"initialState":{"affineTransform":[1,0,0,1,0,0],"masksToBounds":false,"rotation":0,"scale":1,"position":{"pointX":119.02573393484789,"pointY":97.453582764050338},"width":241,"sublayerTransform":[1,0,0,0,0,1,0,0,0,0,1,0,0,0,0,1],"contentsRect":{"y":0,"x":0,"width":1,"height":1},"opacity":1,"edgeAntialiasingMask":0,"height":198,"hidden":false,"anchorPoint":{"pointX":0.49860382080078125,"pointY":0.49833771676728222}},"texture":"15C82D643049B875A80E4C8B615AE283"}]},{"animations":[{"additive":false,"timeOffset":0,"beginTime":0,"repeatCount":0,"fillMode":"both","duration":1,"autoreverses":false,"animations":[{"repeatCount":0,"removedOnCompletion":true,"from":{"scalar":0.0050000000000000001},"timingFunction":"EaseInEaseOut","additive":false,"timeOffset":0,"autoreverses":false,"property":"zPosition","fillMode":"both","duration":1,"beginTime":0,"to":{"scalar":0.0050000000000000001}}],"removedOnCompletion":false}],"initialState":{"affineTransform":[1,0,0,1,0,0],"masksToBounds":false,"rotation":0,"scale":1,"position":{"pointX":1555.6087261249277,"pointY":842.67085463244302},"width":230.47624279351317,"sublayerTransform":[1,0,0,0,0,1,0,0,0,0,1,0,0,0,0,1],"contentsRect":{"y":0,"x":0,"width":1,"height":1},"opacity":1,"edgeAntialiasingMask":251658240,"height":188.70486844530649,"hidden":false,"anchorPoint":{"pointX":0.5,"pointY":0.5}},"layers":[{"animations":[{"additive":false,"timeOffset":0,"beginTime":0,"repeatCount":0,"fillMode":"both","duration":1,"autoreverses":false,"animations":[{"repeatCount":0,"removedOnCompletion":true,"from":{"texture":"235AE52CEB10D3079D7B5FBD9551DD11"},"timingFunction":"EaseInEaseOut","additive":false,"timeOffset":0,"autoreverses":false,"property":"contents","fillMode":"both","duration":1,"beginTime":0,"to":{"texture":"235AE52CEB10D3079D7B5FBD9551DD11"}}],"removedOnCompletion":false}],"layers":[],"texturedRectangle":{"singleTextureOpacity":1,"textXHeight":0,"shapePath":{"lineWidth":1,"flatness":0.59999999999999998,"lineCapStyle":0,"elements":[{"type":"MoveToPoint","points":[[39.129669689091315,1.3396448119549405]]},{"type":"AddCurve","points":[[39.402318186184857,1.3846403506780689],[39.673191559304541,1.4980175435409819],[39.903553439753523,1.6995906902244542]]},{"type":"AddCurve","points":[[44.107714878273327,5.5006194743814376],[47.617187701043804,11.313745925594048],[49.172161151172986,16.151418511686643]]},{"type":"AddCurve","points":[[49.575290048087481,17.418427396978586],[50.377962442998978,18.465867969203828],[51.529806996213665,19.156966720638593]]},{"type":"AddCurve","points":[[59.822957720771228,23.994640405198879],[59.189466943407751,37.578999296649272],[63.048076773511639,49.500403327852837]]},{"type":"AddCurve","points":[[66.273195826252049,59.348526483299793],[79.339162802934879,63.145929294259986],[87.632383829432001,66.255884660393349]]},{"type":"AddCurve","points":[[95.925534553989564,69.423408521324745],[153.86244383663779,92.060419810572057],[153.86243504889535,145.96590272894537]]},{"type":"AddCurve","points":[[155.24462390707413,170.09668068759493],[164.70042371418231,174.36567764804931],[183.35999966282316,174.36564249708317]]},{"type":"AddCurve","points":[[202.01959538388451,174.36564249708317],[214.5708851564616,156.95863800711231],[218.54471437316306,149.2414191456046]]},{"type":"AddCurve","points":[[223.4399790285147,139.62365784676513],[235.30742123873279,144.99053372045455],[230.8728627001401,154.55062107159756]]},{"type":"AddCurve","points":[[227.30219897306188,162.21026265056571],[211.69853794102323,190.02328885509633],[181.86622405107983,190.02328885509633]]},{"type":"AddCurve","points":[[158.08099959728224,190.02328885509633],[146.44757524298711,183.58027494073031],[142.70411120213794,180.98864693357609]]},{"type":"AddCurve","points":[[141.95542190906508,180.47031078685541],[140.91514653393006,180.63221613690257],[140.45444913625943,181.43857930018567]]},{"type":"AddCurve","points":[[137.80524357238392,185.81550730217714],[133.37433201555996,190.02328885509633],[127.73036049165057,190.02328885509633]]},{"type":"AddCurve","points":[[127.73036049165057,190.02328885509633],[74.904674634935873,190.02328885509633],[70.930892652349939,190.02328885509633]]},{"type":"AddCurve","points":[[66.957093094279116,190.02328885509633],[64.714636977205373,188.11554046970559],[64.54185238525497,184.37213833048008]]},{"type":"AddCurve","points":[[64.369067793304566,181.08942475350341],[66.395591503023752,177.35322856233688],[71.002881838458052,177.35319341137074]]},{"type":"AddCurve","points":[[79.699179035415,177.35319341137074],[82.924280512670521,168.08100126066711],[75.898146493809691,163.53127110912465]]},{"type":"AddCurve","points":[[70.196606469144172,159.787833818933],[63.904688331549551,155.52604280653759],[57.68488240845727,150.86117566539906]]},{"type":"AddCurve","points":[[57.051374055608903,150.40043437670101],[56.201968446375759,150.74596837387071],[56.029131127970686,151.43708909465931]]},{"type":"AddCurve","points":[[52.804012075230276,165.66214025209774],[46.224137193203205,190.02327127961325],[38.967694020348063,190.02328885509633]]},{"type":"AddCurve","points":[[28.716423373261932,190.02328885509633],[31.664394604777044,190.02328885509633],[27.575405318739286,190.02328885509633]]},{"type":"AddCurve","points":[[23.486416032701527,190.02328885509633],[21.186400202614095,188.00036832914338],[21.186365051644316,184.08418161584996]]},{"type":"AddCurve","points":[[21.186365051644316,180.62870104028843],[23.533149247023175,177.47200367692858],[28.313294476347437,176.72328809811734]]},{"type":"AddCurve","points":[[30.444163839856628,176.37773652546457],[32.236705119239559,174.87675512026181],[32.812618608104458,172.74588597728871]]},{"type":"AddCurve","points":[[35.17386742754752,164.39514125301503],[36.203263577535836,149.01462511206046],[35.512213087158671,132.48592902532255]]},{"type":"AddCurve","points":[[35.454618223175203,131.56447281115106],[35.116307714533832,130.76542104882537],[34.540359074699154,130.07429154029523]]},{"type":"AddCurve","points":[[25.210553524893839,119.65026374332956],[18.70275570639933,108.07441787558491],[18.70273813091444,95.807442499310127]]},{"type":"AddCurve","points":[[18.70273813091444,78.472453551221406],[27.114663982356433,73.580761619443365],[22.392183918955197,55.727467281729332]]},{"type":"AddCurve","points":[[20.318891843944584,47.952635986715904],[13.987481591802862,46.620844969293103],[13.987446440833082,46.620836181551567]]},{"type":"AddCurve","points":[[13.987446440833082,46.620836181551567],[1.8284447863970854,48.114602850953816],[3.1530739315621759,35.156561677275022]]},{"type":"AddCurve","points":[[3.2106687955456437,34.63823871216664],[3.0990644664962019,34.123505539475445],[2.8111252975486423,33.662786220131238]]},{"type":"AddCurve","points":[[2.004849928234762,32.741325612088986],[1.6556777699315717,31.819860610175965],[1.4253334649674798,31.071175788460096]]},{"type":"AddCurve","points":[[1.1949715845184983,30.149715180417843],[1.7132726339150395,29.221066199799679],[2.5771604426972772,28.875505839405378]]},{"type":"AddCurve","points":[[6.0902362398701371,27.493312730406615],[11.849371128519124,24.451741371965909],[16.111127431022396,19.498915319261869]]},{"type":"AddCurve","points":[[19.624203228195256,15.352338189200964],[28.547241755713912,15.006786616548197],[33.154567242117992,15.179564599809964]]},{"type":"AddCurve","points":[[34.709523116762284,15.237156162429528],[36.044943609649636,14.016948591619439],[36.160115762131682,12.461973105488141]]},{"type":"AddCurve","points":[[36.275287914613727,10.964597969717943],[36.793606539495158,6.530063575793065],[37.311942739861479,2.6714446707553634]]},{"type":"AddCurve","points":[[37.441526789953059,1.7211874575525599],[38.311689046840911,1.2046581872036768],[39.129669689091315,1.3396448119549405]]},{"type":"CloseSubpath"},{"type":"MoveToPoint","points":[[39.129669689091315,1.3396448119549405]]}],"windingRule":0,"lineJoinStyle":0,"miterLimit":10},"isBackgroundTexture":true,"textBaseline":0,"isVerticalText":false,"textureType":5},"initialState":{"affineTransform":[1,0,0,1,0,0],"masksToBounds":false,"rotation":0,"scale":1,"position":{"pointX":115.23812177329364,"pointY":94.352432251342975},"width":233,"sublayerTransform":[1,0,0,0,0,1,0,0,0,0,1,0,0,0,0,1],"contentsRect":{"y":0,"x":0,"width":1,"height":1},"opacity":1,"edgeAntialiasingMask":0,"height":192,"hidden":false,"anchorPoint":{"pointX":0.50046663734534269,"pointY":0.49828569094340008}},"texture":"235AE52CEB10D3079D7B5FBD9551DD11"}]},{"animations":[{"additive":false,"timeOffset":0,"beginTime":0,"repeatCount":0,"fillMode":"both","duration":1,"autoreverses":false,"animations":[{"repeatCount":0,"removedOnCompletion":true,"from":{"scalar":0.0060000000000000001},"timingFunction":"EaseInEaseOut","additive":false,"timeOffset":0,"autoreverses":false,"property":"zPosition","fillMode":"both","duration":1,"beginTime":0,"to":{"scalar":0.0060000000000000001}}],"removedOnCompletion":false}],"initialState":{"affineTransform":[1,0,0,1,0,0],"masksToBounds":false,"rotation":0,"scale":1,"position":{"pointX":959.99999666213989,"pointY":374.457275390625},"width":305.87999820709229,"sublayerTransform":[1,0,0,0,0,1,0,0,0,0,1,0,0,0,0,1],"contentsRect":{"y":0,"x":0,"width":1,"height":1},"opacity":1,"edgeAntialiasingMask":251658240,"height":116.94689989089966,"hidden":false,"anchorPoint":{"pointX":0.5,"pointY":0.5}},"layers":[{"animations":[{"additive":false,"timeOffset":0,"beginTime":0,"repeatCount":0,"fillMode":"both","duration":1,"autoreverses":false,"animations":[{"repeatCount":0,"removedOnCompletion":true,"from":{"texture":"AD27FA429DD4FA1F52B4729583DD5FB0"},"timingFunction":"EaseInEaseOut","additive":false,"timeOffset":0,"autoreverses":false,"property":"contents","fillMode":"both","duration":1,"beginTime":0,"to":{"texture":"AD27FA429DD4FA1F52B4729583DD5FB0"}}],"removedOnCompletion":false}],"layers":[],"texturedRectangle":{"singleTextureOpacity":1,"textXHeight":0.63630769230769224,"textBaseline":0.93628082115976263,"isBackgroundTexture":true,"isVerticalText":false,"textColor":[0.9821816086769104,0.88637906312942505,0.19645535945892334,1],"textureType":6},"initialState":{"affineTransform":[1,0,0,1,0,0],"masksToBounds":false,"rotation":0,"scale":1,"position":{"pointX":152.94000000000005,"pointY":58.473449032215285},"width":297,"sublayerTransform":[1,0,0,0,0,1,0,0,0,0,1,0,0,0,0,1],"contentsRect":{"y":0,"x":0,"width":1,"height":1},"opacity":1,"edgeAntialiasingMask":0,"height":39,"hidden":false,"anchorPoint":{"pointX":0.49494948672927208,"pointY":-0.19340321852844986}},"texture":"AD27FA429DD4FA1F52B4729583DD5FB0"}]},{"animations":[{"additive":false,"timeOffset":0,"beginTime":0,"repeatCount":0,"fillMode":"both","duration":1,"autoreverses":false,"animations":[{"repeatCount":0,"removedOnCompletion":true,"from":{"scalar":0.0070000000000000001},"timingFunction":"EaseInEaseOut","additive":false,"timeOffset":0,"autoreverses":false,"property":"zPosition","fillMode":"both","duration":1,"beginTime":0,"to":{"scalar":0.0070000000000000001}}],"removedOnCompletion":false}],"initialState":{"affineTransform":[1,0,0,1,0,0],"masksToBounds":false,"rotation":0,"scale":1,"position":{"pointX":959.99999666213989,"pointY":374.457275390625},"width":305.87999820709229,"sublayerTransform":[1,0,0,0,0,1,0,0,0,0,1,0,0,0,0,1],"contentsRect":{"y":0,"x":0,"width":1,"height":1},"opacity":1,"edgeAntialiasingMask":251658240,"height":116.94689989089966,"hidden":false,"anchorPoint":{"pointX":0.5,"pointY":0.5}},"layers":[{"animations":[{"additive":false,"timeOffset":0,"beginTime":0,"repeatCount":0,"fillMode":"both","duration":1,"autoreverses":false,"animations":[{"repeatCount":0,"removedOnCompletion":true,"from":{"texture":"25A46E1771F4B142BF2013B7618497BD"},"timingFunction":"EaseInEaseOut","additive":false,"timeOffset":0,"autoreverses":false,"property":"contents","fillMode":"both","duration":1,"beginTime":0,"to":{"texture":"25A46E1771F4B142BF2013B7618497BD"}}],"removedOnCompletion":false}],"layers":[],"texturedRectangle":{"singleTextureOpacity":1,"textXHeight":0.63630769230769224,"textBaseline":0.95322358913910699,"isBackgroundTexture":true,"isVerticalText":false,"textColor":[0.9821816086769104,0.88637906312942505,0.19645535945892334,1],"textureType":6},"initialState":{"affineTransform":[1,0,0,1,0,0],"masksToBounds":false,"rotation":0,"scale":1,"position":{"pointX":152.94000000000005,"pointY":58.473449032215285},"width":187,"sublayerTransform":[1,0,0,0,0,1,0,0,0,0,1,0,0,0,0,1],"contentsRect":{"y":0,"x":0,"width":1,"height":1},"opacity":1,"edgeAntialiasingMask":0,"height":39,"hidden":false,"anchorPoint":{"pointX":0.78609624362884389,"pointY":1.165571140445909}},"texture":"25A46E1771F4B142BF2013B7618497BD"}]},{"animations":[{"additive":false,"timeOffset":0,"beginTime":0,"repeatCount":0,"fillMode":"both","duration":1,"autoreverses":false,"animations":[{"repeatCount":0,"removedOnCompletion":true,"from":{"scalar":0.0080000000000000002},"timingFunction":"EaseInEaseOut","additive":false,"timeOffset":0,"autoreverses":false,"property":"zPosition","fillMode":"both","duration":1,"beginTime":0,"to":{"scalar":0.0080000000000000002}}],"removedOnCompletion":false}],"initialState":{"affineTransform":[1,0,0,1,0,0],"masksToBounds":false,"rotation":0,"scale":1,"position":{"pointX":296.83710861206055,"pointY":1023.3256225585938},"width":192.55199432373047,"sublayerTransform":[1,0,0,0,0,1,0,0,0,0,1,0,0,0,0,1],"contentsRect":{"y":0,"x":0,"width":1,"height":1},"opacity":1,"edgeAntialiasingMask":251658240,"height":63.656008243560791,"hidden":false,"anchorPoint":{"pointX":0.5,"pointY":0.5}},"layers":[{"animations":[{"additive":false,"timeOffset":0,"beginTime":0,"repeatCount":0,"fillMode":"both","duration":1,"autoreverses":false,"animations":[{"repeatCount":0,"removedOnCompletion":true,"from":{"texture":"A6E2E9A87617547643853A6B7210DF68"},"timingFunction":"EaseInEaseOut","additive":false,"timeOffset":0,"autoreverses":false,"property":"contents","fillMode":"both","duration":1,"beginTime":0,"to":{"texture":"A6E2E9A87617547643853A6B7210DF68"}}],"removedOnCompletion":false}],"layers":[],"texturedRectangle":{"singleTextureOpacity":1,"textXHeight":0.51700000000000002,"textBaseline":0.74853640298048651,"isBackgroundTexture":true,"isVerticalText":false,"textColor":[0.99990898370742798,1,0.99987810850143433,1],"textureType":6},"initialState":{"affineTransform":[1,0,0,1,0,0],"masksToBounds":false,"rotation":0,"scale":1,"position":{"pointX":96.27600000000001,"pointY":31.8280029296875},"width":181,"sublayerTransform":[1,0,0,0,0,1,0,0,0,0,1,0,0,0,0,1],"contentsRect":{"y":0,"x":0,"width":1,"height":1},"opacity":1,"edgeAntialiasingMask":0,"height":48,"hidden":false,"anchorPoint":{"pointX":0.5018624941999742,"pointY":0.38178377846876782}},"texture":"A6E2E9A87617547643853A6B7210DF68"}]},{"animations":[{"additive":false,"timeOffset":0,"beginTime":0,"repeatCount":0,"fillMode":"both","duration":1,"autoreverses":false,"animations":[{"repeatCount":0,"removedOnCompletion":true,"from":{"scalar":0.0090000000000000011},"timingFunction":"EaseInEaseOut","additive":false,"timeOffset":0,"autoreverses":false,"property":"zPosition","fillMode":"both","duration":1,"beginTime":0,"to":{"scalar":0.0090000000000000011}}],"removedOnCompletion":false}],"initialState":{"affineTransform":[1,0,0,1,0,0],"masksToBounds":false,"rotation":0,"scale":1,"position":{"pointX":1542.3557090759277,"pointY":1023.3256225585938},"width":192.55199432373047,"sublayerTransform":[1,0,0,0,0,1,0,0,0,0,1,0,0,0,0,1],"contentsRect":{"y":0,"x":0,"width":1,"height":1},"opacity":1,"edgeAntialiasingMask":251658240,"height":63.656008243560791,"hidden":false,"anchorPoint":{"pointX":0.5,"pointY":0.5}},"layers":[{"animations":[{"additive":false,"timeOffset":0,"beginTime":0,"repeatCount":0,"fillMode":"both","duration":1,"autoreverses":false,"animations":[{"repeatCount":0,"removedOnCompletion":true,"from":{"texture":"576888887BE068768CE77681597BD378"},"timingFunction":"EaseInEaseOut","additive":false,"timeOffset":0,"autoreverses":false,"property":"contents","fillMode":"both","duration":1,"beginTime":0,"to":{"texture":"576888887BE068768CE77681597BD378"}}],"removedOnCompletion":false}],"layers":[],"texturedRectangle":{"singleTextureOpacity":1,"textXHeight":0.51700000000000002,"textBaseline":0.74853640298048651,"isBackgroundTexture":true,"isVerticalText":false,"textColor":[0.99990898370742798,1,0.99987810850143433,1],"textureType":6},"initialState":{"affineTransform":[1,0,0,1,0,0],"masksToBounds":false,"rotation":0,"scale":1,"position":{"pointX":96.276000000000067,"pointY":31.8280029296875},"width":182,"sublayerTransform":[1,0,0,0,0,1,0,0,0,0,1,0,0,0,0,1],"contentsRect":{"y":0,"x":0,"width":1,"height":1},"opacity":1,"edgeAntialiasingMask":0,"height":48,"hidden":false,"anchorPoint":{"pointX":0.49645995557177236,"pointY":0.38178377846876782}},"texture":"576888887BE068768CE77681597BD378"}]},{"animations":[{"additive":false,"timeOffset":0,"beginTime":0,"repeatCount":0,"fillMode":"both","duration":1,"autoreverses":false,"animations":[{"repeatCount":0,"removedOnCompletion":true,"from":{"scalar":0.01},"timingFunction":"EaseInEaseOut","additive":false,"timeOffset":0,"autoreverses":false,"property":"zPosition","fillMode":"both","duration":1,"beginTime":0,"to":{"scalar":0.01}}],"removedOnCompletion":false}],"initialState":{"affineTransform":[1,0,0,1,0,0],"masksToBounds":false,"rotation":0,"scale":1,"position":{"pointX":522.88547384738922,"pointY":707.02081298828125},"width":35.688000917434692,"sublayerTransform":[1,0,0,0,0,1,0,0,0,0,1,0,0,0,0,1],"contentsRect":{"y":0,"x":0,"width":1,"height":1},"opacity":1,"edgeAntialiasingMask":251658240,"height":63.656008243560791,"hidden":false,"anchorPoint":{"pointX":0.5,"pointY":0.5}},"layers":[{"animations":[{"additive":false,"timeOffset":0,"beginTime":0,"repeatCount":0,"fillMode":"both","duration":1,"autoreverses":false,"animations":[{"repeatCount":0,"removedOnCompletion":true,"from":{"texture":"C872564D0222971ECB2A851D7AC604D0"},"timingFunction":"EaseInEaseOut","additive":false,"timeOffset":0,"autoreverses":false,"property":"contents","fillMode":"both","duration":1,"beginTime":0,"to":{"texture":"F2050B2BB45030D78064AB3E388659CA"}},{"repeatCount":0,"removedOnCompletion":true,"from":{"pointX":0,"pointY":0},"timingFunction":"EaseInEaseOut","additive":false,"timeOffset":0,"autoreverses":false,"property":"transform.translation","fillMode":"both","duration":1,"beginTime":0,"to":{"pointX":838,"pointY":161}}],"removedOnCompletion":false}],"layers":[],"texturedRectangle":{"singleTextureOpacity":1,"textXHeight":0.65305263157894733,"textBaseline":0.93749836244081197,"isBackgroundTexture":true,"isVerticalText":false,"textColor":[0.93779784440994263,0.37219128012657166,0.65618818998336792,1],"textureType":6},"initialState":{"affineTransform":[1,0,0,1,0,0],"masksToBounds":false,"rotation":0,"scale":1,"position":{"pointX":17.844000000000051,"pointY":31.8280029296875},"width":27,"sublayerTransform":[1,0,0,0,0,1,0,0,0,0,1,0,0,0,0,1],"contentsRect":{"y":0,"x":0,"width":1,"height":1},"opacity":1,"edgeAntialiasingMask":0,"height":38,"hidden":false,"anchorPoint":{"pointX":0.51427679217303435,"pointY":0.47423188937337774}},"texture":"C872564D0222971ECB2A851D7AC604D0"}]},{"animations":[{"additive":false,"timeOffset":0,"beginTime":0,"repeatCount":0,"fillMode":"both","duration":1,"autoreverses":false,"animations":[{"repeatCount":0,"removedOnCompletion":true,"from":{"scalar":0.010999999999999999},"timingFunction":"EaseInEaseOut","additive":false,"timeOffset":0,"autoreverses":false,"property":"zPosition","fillMode":"both","duration":1,"beginTime":0,"to":{"scalar":0.010999999999999999}}],"removedOnCompletion":false}],"initialState":{"affineTransform":[1,0,0,1,0,0],"masksToBounds":false,"rotation":0,"scale":1,"position":{"pointX":1354.6420315810674,"pointY":707.0207864114924},"width":62.375998497009277,"sublayerTransform":[1,0,0,0,0,1,0,0,0,0,1,0,0,0,0,1],"contentsRect":{"y":0,"x":0,"width":1,"height":1},"opacity":1,"edgeAntialiasingMask":251658240,"height":63.656008243560791,"hidden":false,"anchorPoint":{"pointX":0.5,"pointY":0.5}},"layers":[{"animations":[{"additive":false,"timeOffset":0,"beginTime":0,"repeatCount":0,"fillMode":"both","duration":1,"autoreverses":false,"animations":[{"repeatCount":0,"removedOnCompletion":true,"from":{"texture":"108ADA625540BAD49EC76E0AA6B3949B"},"timingFunction":"EaseInEaseOut","additive":false,"timeOffset":0,"autoreverses":false,"property":"contents","fillMode":"both","duration":1,"beginTime":0,"to":{"texture":"A3EC31839FD8B69CF16AAD27ACAB75FD"}},{"repeatCount":0,"removedOnCompletion":true,"from":{"pointX":0,"pointY":0},"timingFunction":"EaseInEaseOut","additive":false,"timeOffset":0,"autoreverses":false,"property":"transform.translation","fillMode":"both","duration":1,"beginTime":0,"to":{"pointX":-832,"pointY":161}}],"removedOnCompletion":false}],"layers":[],"texturedRectangle":{"singleTextureOpacity":1,"textXHeight":0.65305263157894733,"textBaseline":0.93749766305163151,"isBackgroundTexture":true,"isVerticalText":false,"textColor":[0.093577630817890167,0.90745443105697632,0.81013780832290649,1],"textureType":6},"initialState":{"affineTransform":[1,0,0,1,0,0],"masksToBounds":false,"rotation":0,"scale":1,"position":{"pointX":31.188000000000102,"pointY":31.8280029296875},"width":52,"sublayerTransform":[1,0,0,0,0,1,0,0,0,0,1,0,0,0,0,1],"contentsRect":{"y":0,"x":0,"width":1,"height":1},"opacity":1,"edgeAntialiasingMask":0,"height":38,"hidden":false,"anchorPoint":{"pointX":0.47388523716467018,"pointY":0.47423118998419733}},"texture":"108ADA625540BAD49EC76E0AA6B3949B"}]}]},"effects":[],"duration":1,"type":"transition","attributes":{"direction":0},"name":"apple:magic-move-implied-motion-path","objectID":"0"}],"automaticPlay":false,"hyperlinks":[],"accessibility":[{"text":"So now, instead of sending the key agreed on beforehand, they will create a key. We need to perform an operation that is associative - order must not matter. Both of the parties will agree on a two numbers - the base and the modulus. They both will also generate a secret key of their own.","targetRectangle":{"y":115.29939651489258,"x":99,"width":1731.9600000000003,"height":130.95574951171875}},{"text":"key1 = 2","targetRectangle":{"y":995.49761843681335,"x":204.56111145019531,"width":183.55200000000002,"height":55.656005859375}},{"text":"key2 = 4","targetRectangle":{"y":995.49761843681335,"x":1450.0797119140625,"width":183.55199999999991,"height":55.656005859375}},{"text":"6","targetRectangle":{"y":679.19280886650085,"x":509.04147338867188,"width":26.687999999999988,"height":55.656005859375}},{"text":"17","targetRectangle":{"y":679.192782289712,"x":1327.4540323325627,"width":53.375999999999976,"height":55.656005859375}},{"text":"Base - 5","targetRectangle":{"y":319.98382544517517,"x":811.05999755859375,"width":187.58399999999995,"height":56.607666015625}},{"text":"Modulus - 19","targetRectangle":{"y":372.32305749398074,"x":811.05999755859375,"width":296.88000000000011,"height":56.607666015625}}],"baseLayer":{"animations":[],"initialState":{"affineTransform":[1,0,0,1,0,0],"masksToBounds":false,"rotation":0,"scale":1,"position":{"pointX":960,"pointY":540},"width":1920,"sublayerTransform":[1,0,0,0,0,1,0,0,0,0,1,0,0,0,0,1],"contentsRect":{"y":0,"x":0,"width":1,"height":1},"opacity":1,"edgeAntialiasingMask":251658240,"height":1080,"hidden":false,"anchorPoint":{"pointX":0.5,"pointY":0.5}},"objectID":"0","layers":[{"animations":[],"initialState":{"affineTransform":[1,0,0,1,0,0],"masksToBounds":false,"rotation":0,"scale":1,"position":{"pointX":960,"pointY":540},"width":1920,"sublayerTransform":[1,0,0,0,0,1,0,0,0,0,1,-0.00035007912466775983,0,0,0,1],"contentsRect":{"y":0,"x":0,"width":1,"height":1},"opacity":1,"edgeAntialiasingMask":251658240,"height":1080,"hidden":false,"anchorPoint":{"pointX":0.5,"pointY":0.5}},"layers":[{"animations":[],"initialState":{"affineTransform":[1,0,0,1,0,0],"masksToBounds":false,"rotation":0,"scale":1,"position":{"pointX":960,"pointY":540},"width":1920,"sublayerTransform":[1,0,0,0,0,1,0,0,0,0,1,0,0,0,0,1],"contentsRect":{"y":0,"x":0,"width":1,"height":1},"opacity":1,"edgeAntialiasingMask":251658240,"height":1080,"hidden":false,"anchorPoint":{"pointX":0.5,"pointY":0.5}},"layers":[{"animations":[],"layers":[],"texturedRectangle":{"isBackgroundTexture":true,"singleTextureOpacity":1,"textureType":1,"textBaseline":0,"textXHeight":0,"isVerticalText":false},"initialState":{"affineTransform":[1,0,0,1,0,0],"masksToBounds":false,"rotation":0,"scale":1,"position":{"pointX":960,"pointY":540},"width":1920,"sublayerTransform":[1,0,0,0,0,1,0,0,0,0,1,0,0,0,0,1],"contentsRect":{"y":0,"x":0,"width":1,"height":1},"opacity":1,"edgeAntialiasingMask":0,"height":1080,"hidden":false,"anchorPoint":{"pointX":0.5,"pointY":0.5}},"texture":"5BA6DF7ACEF516F7DAB78587CF30CE20"}]}]},{"animations":[],"initialState":{"affineTransform":[1,0,0,1,0,0],"masksToBounds":false,"rotation":0,"scale":1,"position":{"pointX":960,"pointY":180.83139419555664},"width":1730,"sublayerTransform":[1,0,0,0,0,1,0,0,0,0,1,0,0,0,0,1],"contentsRect":{"y":0,"x":0,"width":1,"height":1},"opacity":1,"edgeAntialiasingMask":251658240,"height":305.06399536132818,"hidden":false,"anchorPoint":{"pointX":0.5,"pointY":0.5}},"layers":[{"animations":[],"layers":[],"texturedRectangle":{"singleTextureOpacity":1,"textXHeight":0.50302702702702695,"textBaseline":0.74171128144135345,"isBackgroundTexture":true,"isVerticalText":false,"textColor":[0.99990898370742798,1,0.99987810850143433,1],"textureType":6},"initialState":{"affineTransform":[1,0,0,1,0,0],"masksToBounds":false,"rotation":0,"scale":1,"position":{"pointX":865,"pointY":152.53199768066409},"width":1574,"sublayerTransform":[1,0,0,0,0,1,0,0,0,0,1,0,0,0,0,1],"contentsRect":{"y":0,"x":0,"width":1,"height":1},"opacity":1,"edgeAntialiasingMask":0,"height":37,"hidden":false,"anchorPoint":{"pointX":0.54701397712833544,"pointY":-0.81536772444441508}},"texture":"32FD09B3746FA1E6EE93E788835DE147"}]},{"animations":[],"initialState":{"affineTransform":[1,0,0,1,0,0],"masksToBounds":false,"rotation":0,"scale":1,"position":{"pointX":960,"pointY":180.83139419555664},"width":1730,"sublayerTransform":[1,0,0,0,0,1,0,0,0,0,1,0,0,0,0,1],"contentsRect":{"y":0,"x":0,"width":1,"height":1},"opacity":1,"edgeAntialiasingMask":251658240,"height":305.06399536132818,"hidden":false,"anchorPoint":{"pointX":0.5,"pointY":0.5}},"layers":[{"animations":[],"layers":[],"texturedRectangle":{"singleTextureOpacity":1,"textXHeight":0.4897894736842105,"textBaseline":0.74850835298237051,"isBackgroundTexture":true,"isVerticalText":false,"textColor":[0.99990898370742798,1,0.99987810850143433,1],"textureType":6},"initialState":{"affineTransform":[1,0,0,1,0,0],"masksToBounds":false,"rotation":0,"scale":1,"position":{"pointX":865,"pointY":152.53199768066409},"width":1723,"sublayerTransform":[1,0,0,0,0,1,0,0,0,0,1,0,0,0,0,1],"contentsRect":{"y":0,"x":0,"width":1,"height":1},"opacity":1,"edgeAntialiasingMask":0,"height":38,"hidden":false,"anchorPoint":{"pointX":0.50029019152640741,"pointY":1.5481945840935958}},"texture":"4D67F29A3A854ABE8ACC62EF7777A246"}]},{"animations":[],"initialState":{"affineTransform":[1,0,0,1,0,0],"masksToBounds":false,"rotation":0,"scale":1,"position":{"pointX":960,"pointY":180.83139419555664},"width":1730,"sublayerTransform":[1,0,0,0,0,1,0,0,0,0,1,0,0,0,0,1],"contentsRect":{"y":0,"x":0,"width":1,"height":1},"opacity":1,"edgeAntialiasingMask":251658240,"height":305.06399536132818,"hidden":false,"anchorPoint":{"pointX":0.5,"pointY":0.5}},"layers":[{"animations":[],"layers":[],"texturedRectangle":{"singleTextureOpacity":1,"textXHeight":0.50302702702702695,"textBaseline":0.74171128144135345,"isBackgroundTexture":true,"isVerticalText":false,"textColor":[0.99990898370742798,1,0.99987810850143433,1],"textureType":6},"initialState":{"affineTransform":[1,0,0,1,0,0],"masksToBounds":false,"rotation":0,"scale":1,"position":{"pointX":865,"pointY":152.53199768066409},"width":1616,"sublayerTransform":[1,0,0,0,0,1,0,0,0,0,1,0,0,0,0,1],"contentsRect":{"y":0,"x":0,"width":1,"height":1},"opacity":1,"edgeAntialiasingMask":0,"height":37,"hidden":false,"anchorPoint":{"pointX":0.53279702970297027,"pointY":0.37382146474477407}},"texture":"48F78F80D7424184279D8B7B1759EA9D"}]},{"animations":[],"initialState":{"affineTransform":[1,0,0,1,0,0],"masksToBounds":false,"rotation":0,"scale":1,"position":{"pointX":278.16351893419909,"pointY":842.67086610191473},"width":238.0514641121174,"sublayerTransform":[1,0,0,0,0,1,0,0,0,0,1,0,0,0,0,1],"contentsRect":{"y":0,"x":0,"width":1,"height":1},"opacity":1,"edgeAntialiasingMask":251658240,"height":194.90716189208626,"hidden":false,"anchorPoint":{"pointX":0.5,"pointY":0.5}},"layers":[{"animations":[],"layers":[],"texturedRectangle":{"singleTextureOpacity":1,"textXHeight":0,"shapePath":{"lineWidth":1,"flatness":0.59999999999999998,"lineCapStyle":0,"elements":[{"type":"MoveToPoint","points":[[200.18913285007875,1.2392071551444133]]},{"type":"AddCurve","points":[[199.90752302715555,1.2856815933641883],[199.62774667242775,1.4027852328530344],[199.38981332948606,1.6109836235857529]]},{"type":"AddCurve","points":[[195.0474708230613,5.5369434501329806],[191.42264974130376,11.541133949616892],[189.81656790843408,16.537809667030842]]},{"type":"AddCurve","points":[[189.40018909657374,17.846462209802326],[188.57113471554476,18.928329735876332],[187.38143169453542,19.642143308038385]]},{"type":"AddCurve","points":[[178.81570427658153,24.638820160024125],[179.47001643138356,38.669665572067743],[175.48458301594655,50.982898636132632]]},{"type":"AddCurve","points":[[172.15346175531158,61.154706867716413],[158.65804664813913,65.076921543697608],[150.09224661758344,68.28909396414474]]},{"type":"AddCurve","points":[[141.52651919962955,71.560727022931133],[81.68535763912223,94.941764621254151],[81.685366715697455,150.61899633553639]]},{"type":"AddCurve","points":[[80.257748504896881,175.54289726569004],[70.491158416694816,179.9522063022996],[51.218285341161391,179.95216999600234]]},{"type":"AddCurve","points":[[31.945391843333709,179.95216999600234],[18.981570190208913,161.97303744825695],[14.87713039328446,154.002171416083]]},{"type":"AddCurve","points":[[9.8209697048841917,144.06829650359941],[-2.4365278973280056,149.61156919913719],[2.1437843292500816,159.48587455438974]]},{"type":"AddCurve","points":[[5.8318075188876719,167.39727087165011],[21.948324818737092,196.1244470479578],[52.761157904165884,196.1244470479578]]},{"type":"AddCurve","points":[[77.328147702479328,196.1244470479578],[89.343935822813364,189.46966613834775],[93.21043887308042,186.79285730073752]]},{"type":"AddCurve","points":[[93.983735852503742,186.2574846413263],[95.058202674459608,186.42471144651063],[95.534042130617308,187.25757790567877]]},{"type":"AddCurve","points":[[98.270320957322838,191.77836542802834],[102.84686633427191,196.1244470479578],[108.67634215524595,196.1244470479578]]},{"type":"AddCurve","points":[[108.67634215524595,196.1244470479578],[163.23828619120468,196.1244470479578],[167.3426772015373,196.1244470479578]]},{"type":"AddCurve","points":[[171.44708636502037,196.1244470479578],[173.76324683087296,194.15399537670964],[173.94171045294206,190.28755624989572]]},{"type":"AddCurve","points":[[174.12017407501116,186.89694745498491],[172.02704321558122,183.03795111910949],[167.26832189729612,183.03791481281223]]},{"type":"AddCurve","points":[[158.28619751433143,183.03791481281223],[154.95509440684691,173.46096710870188],[162.21216120889585,168.76169782901707]]},{"type":"AddCurve","points":[[168.10109767416725,164.89522239590588],[174.59981661618804,160.49335615023483],[181.0240531819145,155.6751655938715]]},{"type":"AddCurve","points":[[181.67838348986697,155.19928080252248],[182.55570709794119,155.55617170459846],[182.73422517946165,156.2700079681963]]},{"type":"AddCurve","points":[[186.06534644009662,170.96260372212964],[192.86148659908213,196.12442889480917],[200.35643228462141,196.1244470479578]]},{"type":"AddCurve","points":[[210.94463850045577,196.1244470479578],[207.89977426925907,196.1244470479578],[212.12315918078821,196.1244470479578]]},{"type":"AddCurve","points":[[216.34654409231734,196.1244470479578],[218.72215612589207,194.03503779373386],[218.72219243219297,189.99013506273332]]},{"type":"AddCurve","points":[[218.72219243219297,186.42108081678452],[216.29827486527211,183.16063009755453],[211.36101731231611,182.38730596589448]]},{"type":"AddCurve","points":[[209.16011119866744,182.03039691066988],[207.30865323117177,180.48008171132642],[206.71381079724233,178.27917581821384]]},{"type":"AddCurve","points":[[204.27495318750152,169.65396139050426],[203.2117231656739,153.7679231861548],[203.92548688819807,136.69596701149658]]},{"type":"AddCurve","points":[[203.9849747622211,135.74422465852149],[204.33440475522366,134.91890990918364],[204.929283495454,134.20506456901148]]},{"type":"AddCurve","points":[[214.56573818637116,123.43842303967722],[221.28743227536324,111.48210583826767],[221.28745042851369,98.811943296685968]]},{"type":"AddCurve","points":[[221.28745042851369,80.907193275454119],[212.59904401982203,75.854722721152484],[217.4767410861532,57.414631808519516]]},{"type":"AddCurve","points":[[219.61817747892928,49.384259755134735],[226.15768655001011,48.008695841082954],[226.15772285631101,48.008686764508639]]},{"type":"AddCurve","points":[[226.15772285631101,48.008686764508639],[238.7163627876871,49.55155009633927],[237.34819614460866,36.167608019749196]]},{"type":"AddCurve","points":[[237.28870827058563,35.632248975199445],[237.40398077594,35.100597711257478],[237.70138383975427,34.624735611344249]]},{"type":"AddCurve","points":[[238.5341596166254,33.672988720082003],[238.89480825660576,32.721237290532599],[239.13272344639699,31.947944926882656]]},{"type":"AddCurve","points":[[239.37065678933868,30.996198035620409],[238.83532038258272,30.037026506568282],[237.94303857853811,29.680108374769361]]},{"type":"AddCurve","points":[[234.31449610093841,28.252485768732413],[228.36607176164398,25.110944980463046],[223.96424138119619,19.995330967793734]]},{"type":"AddCurve","points":[[220.33569890359649,15.712465418826469],[211.11938072668272,15.355556363601863],[206.36062310209672,15.534013160357745]]},{"type":"AddCurve","points":[[204.7545594223775,15.593497624704582],[203.37524674492306,14.333184647592589],[203.25628915002744,12.727100706512601]]},{"type":"AddCurve","points":[[203.13733155513182,11.180510306353767],[202.60197699522541,6.6002230029381508],[202.06660428216856,2.6147802011695376]]},{"type":"AddCurve","points":[[201.93276110390434,1.633290226805002],[201.03399862514925,1.0997838316212665],[200.18913285007875,1.2392071551444133]]},{"type":"CloseSubpath"},{"type":"MoveToPoint","points":[[200.18913285007875,1.2392071551444133]]}],"windingRule":0,"lineJoinStyle":0,"miterLimit":10},"isBackgroundTexture":true,"textBaseline":0,"isVerticalText":false,"textureType":5},"initialState":{"affineTransform":[1,0,0,1,0,0],"masksToBounds":false,"rotation":0,"scale":1,"position":{"pointX":119.02573393484789,"pointY":97.453582764050338},"width":241,"sublayerTransform":[1,0,0,0,0,1,0,0,0,0,1,0,0,0,0,1],"contentsRect":{"y":0,"x":0,"width":1,"height":1},"opacity":1,"edgeAntialiasingMask":0,"height":198,"hidden":false,"anchorPoint":{"pointX":0.49860382080078125,"pointY":0.49833771676728222}},"texture":"15C82D643049B875A80E4C8B615AE283"}]},{"animations":[],"initialState":{"affineTransform":[1,0,0,1,0,0],"masksToBounds":false,"rotation":0,"scale":1,"position":{"pointX":1555.6087261249277,"pointY":842.67085463244302},"width":230.47624279351317,"sublayerTransform":[1,0,0,0,0,1,0,0,0,0,1,0,0,0,0,1],"contentsRect":{"y":0,"x":0,"width":1,"height":1},"opacity":1,"edgeAntialiasingMask":251658240,"height":188.70486844530649,"hidden":false,"anchorPoint":{"pointX":0.5,"pointY":0.5}},"layers":[{"animations":[],"layers":[],"texturedRectangle":{"singleTextureOpacity":1,"textXHeight":0,"shapePath":{"lineWidth":1,"flatness":0.59999999999999998,"lineCapStyle":0,"elements":[{"type":"MoveToPoint","points":[[39.129669689091315,1.3396448119549405]]},{"type":"AddCurve","points":[[39.402318186184857,1.3846403506780689],[39.673191559304541,1.4980175435409819],[39.903553439753523,1.6995906902244542]]},{"type":"AddCurve","points":[[44.107714878273327,5.5006194743814376],[47.617187701043804,11.313745925594048],[49.172161151172986,16.151418511686643]]},{"type":"AddCurve","points":[[49.575290048087481,17.418427396978586],[50.377962442998978,18.465867969203828],[51.529806996213665,19.156966720638593]]},{"type":"AddCurve","points":[[59.822957720771228,23.994640405198879],[59.189466943407751,37.578999296649272],[63.048076773511639,49.500403327852837]]},{"type":"AddCurve","points":[[66.273195826252049,59.348526483299793],[79.339162802934879,63.145929294259986],[87.632383829432001,66.255884660393349]]},{"type":"AddCurve","points":[[95.925534553989564,69.423408521324745],[153.86244383663779,92.060419810572057],[153.86243504889535,145.96590272894537]]},{"type":"AddCurve","points":[[155.24462390707413,170.09668068759493],[164.70042371418231,174.36567764804931],[183.35999966282316,174.36564249708317]]},{"type":"AddCurve","points":[[202.01959538388451,174.36564249708317],[214.5708851564616,156.95863800711231],[218.54471437316306,149.2414191456046]]},{"type":"AddCurve","points":[[223.4399790285147,139.62365784676513],[235.30742123873279,144.99053372045455],[230.8728627001401,154.55062107159756]]},{"type":"AddCurve","points":[[227.30219897306188,162.21026265056571],[211.69853794102323,190.02328885509633],[181.86622405107983,190.02328885509633]]},{"type":"AddCurve","points":[[158.08099959728224,190.02328885509633],[146.44757524298711,183.58027494073031],[142.70411120213794,180.98864693357609]]},{"type":"AddCurve","points":[[141.95542190906508,180.47031078685541],[140.91514653393006,180.63221613690257],[140.45444913625943,181.43857930018567]]},{"type":"AddCurve","points":[[137.80524357238392,185.81550730217714],[133.37433201555996,190.02328885509633],[127.73036049165057,190.02328885509633]]},{"type":"AddCurve","points":[[127.73036049165057,190.02328885509633],[74.904674634935873,190.02328885509633],[70.930892652349939,190.02328885509633]]},{"type":"AddCurve","points":[[66.957093094279116,190.02328885509633],[64.714636977205373,188.11554046970559],[64.54185238525497,184.37213833048008]]},{"type":"AddCurve","points":[[64.369067793304566,181.08942475350341],[66.395591503023752,177.35322856233688],[71.002881838458052,177.35319341137074]]},{"type":"AddCurve","points":[[79.699179035415,177.35319341137074],[82.924280512670521,168.08100126066711],[75.898146493809691,163.53127110912465]]},{"type":"AddCurve","points":[[70.196606469144172,159.787833818933],[63.904688331549551,155.52604280653759],[57.68488240845727,150.86117566539906]]},{"type":"AddCurve","points":[[57.051374055608903,150.40043437670101],[56.201968446375759,150.74596837387071],[56.029131127970686,151.43708909465931]]},{"type":"AddCurve","points":[[52.804012075230276,165.66214025209774],[46.224137193203205,190.02327127961325],[38.967694020348063,190.02328885509633]]},{"type":"AddCurve","points":[[28.716423373261932,190.02328885509633],[31.664394604777044,190.02328885509633],[27.575405318739286,190.02328885509633]]},{"type":"AddCurve","points":[[23.486416032701527,190.02328885509633],[21.186400202614095,188.00036832914338],[21.186365051644316,184.08418161584996]]},{"type":"AddCurve","points":[[21.186365051644316,180.62870104028843],[23.533149247023175,177.47200367692858],[28.313294476347437,176.72328809811734]]},{"type":"AddCurve","points":[[30.444163839856628,176.37773652546457],[32.236705119239559,174.87675512026181],[32.812618608104458,172.74588597728871]]},{"type":"AddCurve","points":[[35.17386742754752,164.39514125301503],[36.203263577535836,149.01462511206046],[35.512213087158671,132.48592902532255]]},{"type":"AddCurve","points":[[35.454618223175203,131.56447281115106],[35.116307714533832,130.76542104882537],[34.540359074699154,130.07429154029523]]},{"type":"AddCurve","points":[[25.210553524893839,119.65026374332956],[18.70275570639933,108.07441787558491],[18.70273813091444,95.807442499310127]]},{"type":"AddCurve","points":[[18.70273813091444,78.472453551221406],[27.114663982356433,73.580761619443365],[22.392183918955197,55.727467281729332]]},{"type":"AddCurve","points":[[20.318891843944584,47.952635986715904],[13.987481591802862,46.620844969293103],[13.987446440833082,46.620836181551567]]},{"type":"AddCurve","points":[[13.987446440833082,46.620836181551567],[1.8284447863970854,48.114602850953816],[3.1530739315621759,35.156561677275022]]},{"type":"AddCurve","points":[[3.2106687955456437,34.63823871216664],[3.0990644664962019,34.123505539475445],[2.8111252975486423,33.662786220131238]]},{"type":"AddCurve","points":[[2.004849928234762,32.741325612088986],[1.6556777699315717,31.819860610175965],[1.4253334649674798,31.071175788460096]]},{"type":"AddCurve","points":[[1.1949715845184983,30.149715180417843],[1.7132726339150395,29.221066199799679],[2.5771604426972772,28.875505839405378]]},{"type":"AddCurve","points":[[6.0902362398701371,27.493312730406615],[11.849371128519124,24.451741371965909],[16.111127431022396,19.498915319261869]]},{"type":"AddCurve","points":[[19.624203228195256,15.352338189200964],[28.547241755713912,15.006786616548197],[33.154567242117992,15.179564599809964]]},{"type":"AddCurve","points":[[34.709523116762284,15.237156162429528],[36.044943609649636,14.016948591619439],[36.160115762131682,12.461973105488141]]},{"type":"AddCurve","points":[[36.275287914613727,10.964597969717943],[36.793606539495158,6.530063575793065],[37.311942739861479,2.6714446707553634]]},{"type":"AddCurve","points":[[37.441526789953059,1.7211874575525599],[38.311689046840911,1.2046581872036768],[39.129669689091315,1.3396448119549405]]},{"type":"CloseSubpath"},{"type":"MoveToPoint","points":[[39.129669689091315,1.3396448119549405]]}],"windingRule":0,"lineJoinStyle":0,"miterLimit":10},"isBackgroundTexture":true,"textBaseline":0,"isVerticalText":false,"textureType":5},"initialState":{"affineTransform":[1,0,0,1,0,0],"masksToBounds":false,"rotation":0,"scale":1,"position":{"pointX":115.23812177329364,"pointY":94.352432251342975},"width":233,"sublayerTransform":[1,0,0,0,0,1,0,0,0,0,1,0,0,0,0,1],"contentsRect":{"y":0,"x":0,"width":1,"height":1},"opacity":1,"edgeAntialiasingMask":0,"height":192,"hidden":false,"anchorPoint":{"pointX":0.50046663734534269,"pointY":0.49828569094340008}},"texture":"235AE52CEB10D3079D7B5FBD9551DD11"}]},{"animations":[],"initialState":{"affineTransform":[1,0,0,1,0,0],"masksToBounds":false,"rotation":0,"scale":1,"position":{"pointX":959.99999666213989,"pointY":374.457275390625},"width":305.87999820709229,"sublayerTransform":[1,0,0,0,0,1,0,0,0,0,1,0,0,0,0,1],"contentsRect":{"y":0,"x":0,"width":1,"height":1},"opacity":1,"edgeAntialiasingMask":251658240,"height":116.94689989089966,"hidden":false,"anchorPoint":{"pointX":0.5,"pointY":0.5}},"layers":[{"animations":[],"layers":[],"texturedRectangle":{"singleTextureOpacity":1,"textXHeight":0.63630769230769224,"textBaseline":0.93628082115976263,"isBackgroundTexture":true,"isVerticalText":false,"textColor":[0.9821816086769104,0.88637906312942505,0.19645535945892334,1],"textureType":6},"initialState":{"affineTransform":[1,0,0,1,0,0],"masksToBounds":false,"rotation":0,"scale":1,"position":{"pointX":152.94000000000005,"pointY":58.473449032215285},"width":297,"sublayerTransform":[1,0,0,0,0,1,0,0,0,0,1,0,0,0,0,1],"contentsRect":{"y":0,"x":0,"width":1,"height":1},"opacity":1,"edgeAntialiasingMask":0,"height":39,"hidden":false,"anchorPoint":{"pointX":0.49494948672927208,"pointY":-0.19340321852844986}},"texture":"AD27FA429DD4FA1F52B4729583DD5FB0"}]},{"animations":[],"initialState":{"affineTransform":[1,0,0,1,0,0],"masksToBounds":false,"rotation":0,"scale":1,"position":{"pointX":959.99999666213989,"pointY":374.457275390625},"width":305.87999820709229,"sublayerTransform":[1,0,0,0,0,1,0,0,0,0,1,0,0,0,0,1],"contentsRect":{"y":0,"x":0,"width":1,"height":1},"opacity":1,"edgeAntialiasingMask":251658240,"height":116.94689989089966,"hidden":false,"anchorPoint":{"pointX":0.5,"pointY":0.5}},"layers":[{"animations":[],"layers":[],"texturedRectangle":{"singleTextureOpacity":1,"textXHeight":0.63630769230769224,"textBaseline":0.95322358913910699,"isBackgroundTexture":true,"isVerticalText":false,"textColor":[0.9821816086769104,0.88637906312942505,0.19645535945892334,1],"textureType":6},"initialState":{"affineTransform":[1,0,0,1,0,0],"masksToBounds":false,"rotation":0,"scale":1,"position":{"pointX":152.94000000000005,"pointY":58.473449032215285},"width":187,"sublayerTransform":[1,0,0,0,0,1,0,0,0,0,1,0,0,0,0,1],"contentsRect":{"y":0,"x":0,"width":1,"height":1},"opacity":1,"edgeAntialiasingMask":0,"height":39,"hidden":false,"anchorPoint":{"pointX":0.78609624362884389,"pointY":1.165571140445909}},"texture":"25A46E1771F4B142BF2013B7618497BD"}]},{"animations":[],"initialState":{"affineTransform":[1,0,0,1,0,0],"masksToBounds":false,"rotation":0,"scale":1,"position":{"pointX":296.83710861206055,"pointY":1023.3256225585938},"width":192.55199432373047,"sublayerTransform":[1,0,0,0,0,1,0,0,0,0,1,0,0,0,0,1],"contentsRect":{"y":0,"x":0,"width":1,"height":1},"opacity":1,"edgeAntialiasingMask":251658240,"height":63.656008243560791,"hidden":false,"anchorPoint":{"pointX":0.5,"pointY":0.5}},"layers":[{"animations":[],"layers":[],"texturedRectangle":{"singleTextureOpacity":1,"textXHeight":0.51700000000000002,"textBaseline":0.74853640298048651,"isBackgroundTexture":true,"isVerticalText":false,"textColor":[0.99990898370742798,1,0.99987810850143433,1],"textureType":6},"initialState":{"affineTransform":[1,0,0,1,0,0],"masksToBounds":false,"rotation":0,"scale":1,"position":{"pointX":96.27600000000001,"pointY":31.8280029296875},"width":181,"sublayerTransform":[1,0,0,0,0,1,0,0,0,0,1,0,0,0,0,1],"contentsRect":{"y":0,"x":0,"width":1,"height":1},"opacity":1,"edgeAntialiasingMask":0,"height":48,"hidden":false,"anchorPoint":{"pointX":0.5018624941999742,"pointY":0.38178377846876782}},"texture":"A6E2E9A87617547643853A6B7210DF68"}]},{"animations":[],"initialState":{"affineTransform":[1,0,0,1,0,0],"masksToBounds":false,"rotation":0,"scale":1,"position":{"pointX":1542.3557090759277,"pointY":1023.3256225585938},"width":192.55199432373047,"sublayerTransform":[1,0,0,0,0,1,0,0,0,0,1,0,0,0,0,1],"contentsRect":{"y":0,"x":0,"width":1,"height":1},"opacity":1,"edgeAntialiasingMask":251658240,"height":63.656008243560791,"hidden":false,"anchorPoint":{"pointX":0.5,"pointY":0.5}},"layers":[{"animations":[],"layers":[],"texturedRectangle":{"singleTextureOpacity":1,"textXHeight":0.51700000000000002,"textBaseline":0.74853640298048651,"isBackgroundTexture":true,"isVerticalText":false,"textColor":[0.99990898370742798,1,0.99987810850143433,1],"textureType":6},"initialState":{"affineTransform":[1,0,0,1,0,0],"masksToBounds":false,"rotation":0,"scale":1,"position":{"pointX":96.276000000000067,"pointY":31.8280029296875},"width":182,"sublayerTransform":[1,0,0,0,0,1,0,0,0,0,1,0,0,0,0,1],"contentsRect":{"y":0,"x":0,"width":1,"height":1},"opacity":1,"edgeAntialiasingMask":0,"height":48,"hidden":false,"anchorPoint":{"pointX":0.49645995557177236,"pointY":0.38178377846876782}},"texture":"576888887BE068768CE77681597BD378"}]},{"animations":[],"initialState":{"affineTransform":[1,0,0,1,0,0],"masksToBounds":false,"rotation":0,"scale":1,"position":{"pointX":522.88547384738922,"pointY":707.02081298828125},"width":35.688000917434692,"sublayerTransform":[1,0,0,0,0,1,0,0,0,0,1,0,0,0,0,1],"contentsRect":{"y":0,"x":0,"width":1,"height":1},"opacity":1,"edgeAntialiasingMask":251658240,"height":63.656008243560791,"hidden":false,"anchorPoint":{"pointX":0.5,"pointY":0.5}},"layers":[{"animations":[],"layers":[],"texturedRectangle":{"singleTextureOpacity":1,"textXHeight":0.65305263157894733,"textBaseline":0.93749836244081197,"isBackgroundTexture":true,"isVerticalText":false,"textColor":[0.93779784440994263,0.37219128012657166,0.65618818998336792,1],"textureType":6},"initialState":{"affineTransform":[1,0,0,1,0,0],"masksToBounds":false,"rotation":0,"scale":1,"position":{"pointX":17.844000000000051,"pointY":31.8280029296875},"width":27,"sublayerTransform":[1,0,0,0,0,1,0,0,0,0,1,0,0,0,0,1],"contentsRect":{"y":0,"x":0,"width":1,"height":1},"opacity":1,"edgeAntialiasingMask":0,"height":38,"hidden":false,"anchorPoint":{"pointX":0.51427679217303435,"pointY":0.47423188937337774}},"texture":"C872564D0222971ECB2A851D7AC604D0"}]},{"animations":[],"initialState":{"affineTransform":[1,0,0,1,0,0],"masksToBounds":false,"rotation":0,"scale":1,"position":{"pointX":1354.6420315810674,"pointY":707.0207864114924},"width":62.375998497009277,"sublayerTransform":[1,0,0,0,0,1,0,0,0,0,1,0,0,0,0,1],"contentsRect":{"y":0,"x":0,"width":1,"height":1},"opacity":1,"edgeAntialiasingMask":251658240,"height":63.656008243560791,"hidden":false,"anchorPoint":{"pointX":0.5,"pointY":0.5}},"layers":[{"animations":[],"layers":[],"texturedRectangle":{"singleTextureOpacity":1,"textXHeight":0.65305263157894733,"textBaseline":0.93749766305163151,"isBackgroundTexture":true,"isVerticalText":false,"textColor":[0.093577630817890167,0.90745443105697632,0.81013780832290649,1],"textureType":6},"initialState":{"affineTransform":[1,0,0,1,0,0],"masksToBounds":false,"rotation":0,"scale":1,"position":{"pointX":31.188000000000102,"pointY":31.8280029296875},"width":52,"sublayerTransform":[1,0,0,0,0,1,0,0,0,0,1,0,0,0,0,1],"contentsRect":{"y":0,"x":0,"width":1,"height":1},"opacity":1,"edgeAntialiasingMask":0,"height":38,"hidden":false,"anchorPoint":{"pointX":0.47388523716467018,"pointY":0.47423118998419733}},"texture":"108ADA625540BAD49EC76E0AA6B3949B"}]}]}}]}