{"assets":{"F47EB0FEEC51ECC395C99348997EAD2E":{"type":"texture","index":9,"url":{"native":"assets\/9AF611F0-1E1F-424E-949C-C7C8853BDAD5.pdf"},"width":94,"height":111},"63923EB2BF62E7A88B03B04586E5077E":{"type":"texture","index":8,"url":{"native":"assets\/9AF611F0-1E1F-424E-949C-C7C8853BDAD5.pdf"},"width":110,"height":44},"0C6385A393D32C19461ECFF493A876DC":{"type":"texture","index":10,"url":{"native":"assets\/9AF611F0-1E1F-424E-949C-C7C8853BDAD5.pdf"},"width":110,"height":44},"83F9BC4245FF6CA5A95339B1E4DB0291":{"type":"texture","index":4,"url":{"native":"assets\/9AF611F0-1E1F-424E-949C-C7C8853BDAD5.pdf"},"width":1614,"height":69},"CF8E4BDD0744F490D169E12D06EF9F9F":{"type":"texture","index":2,"url":{"native":"assets\/9AF611F0-1E1F-424E-949C-C7C8853BDAD5.pdf"},"width":916,"height":69},"5BA6DF7ACEF516F7DAB78587CF30CE20":{"type":"texture","index":0,"url":{"native":"assets\/9AF611F0-1E1F-424E-949C-C7C8853BDAD5.pdf"},"width":1920,"height":1080},"DF4A1ABE0CA3332864506E8F34111A91":{"type":"texture","index":1,"url":{"native":"assets\/9AF611F0-1E1F-424E-949C-C7C8853BDAD5.pdf"},"width":1710,"height":69},"4C464120E8927592D9F3A3E762A3111D":{"type":"texture","index":3,"url":{"native":"assets\/9AF611F0-1E1F-424E-949C-C7C8853BDAD5.pdf"},"width":1664,"height":69},"235AE52CEB10D3079D7B5FBD9551DD11":{"type":"texture","index":7,"url":{"native":"assets\/9AF611F0-1E1F-424E-949C-C7C8853BDAD5.pdf"},"width":233,"height":192},"15C82D643049B875A80E4C8B615AE283":{"type":"texture","index":6,"url":{"native":"assets\/9AF611F0-1E1F-424E-949C-C7C8853BDAD5.pdf"},"width":241,"height":198},"1937937BB3A3CA35C139DE4791FE2B04":{"type":"texture","index":5,"url":{"native":"assets\/9AF611F0-1E1F-424E-949C-C7C8853BDAD5.pdf"},"width":1343,"height":49}},"events":[{"effects":[{"beginTime":0,"baseLayer":{"animations":[],"initialState":{"affineTransform":[1,0,0,1,0,0],"masksToBounds":false,"rotation":0,"scale":1,"position":{"pointX":960,"pointY":540},"width":1920,"sublayerTransform":[1,0,0,0,0,1,0,0,0,0,1,0,0,0,0,1],"contentsRect":{"y":0,"x":0,"width":1,"height":1},"opacity":1,"edgeAntialiasingMask":251658240,"height":1080,"hidden":false,"anchorPoint":{"pointX":0.5,"pointY":0.5}},"objectID":"0","layers":[{"animations":[],"initialState":{"affineTransform":[1,0,0,1,0,0],"masksToBounds":false,"rotation":0,"scale":1,"position":{"pointX":960,"pointY":540},"width":1920,"sublayerTransform":[1,0,0,0,0,1,0,0,0,0,1,-0.00035007912466775983,0,0,0,1],"contentsRect":{"y":0,"x":0,"width":1,"height":1},"opacity":1,"edgeAntialiasingMask":251658240,"height":1080,"hidden":false,"anchorPoint":{"pointX":0.5,"pointY":0.5}},"layers":[{"animations":[{"additive":false,"timeOffset":0,"beginTime":0,"repeatCount":0,"fillMode":"both","duration":1,"autoreverses":false,"animations":[{"repeatCount":0,"removedOnCompletion":true,"from":{"scalar":0},"timingFunction":"EaseInEaseOut","additive":false,"timeOffset":0,"autoreverses":false,"property":"zPosition","fillMode":"both","duration":1,"beginTime":0,"to":{"scalar":0}}],"removedOnCompletion":false}],"initialState":{"affineTransform":[1,0,0,1,0,0],"masksToBounds":false,"rotation":0,"scale":1,"position":{"pointX":960,"pointY":540},"width":1920,"sublayerTransform":[1,0,0,0,0,1,0,0,0,0,1,0,0,0,0,1],"contentsRect":{"y":0,"x":0,"width":1,"height":1},"opacity":1,"edgeAntialiasingMask":251658240,"height":1080,"hidden":false,"anchorPoint":{"pointX":0.5,"pointY":0.5}},"layers":[{"animations":[],"layers":[],"texturedRectangle":{"isBackgroundTexture":true,"singleTextureOpacity":1,"textureType":1,"textBaseline":0,"textXHeight":0,"isVerticalText":false},"initialState":{"affineTransform":[1,0,0,1,0,0],"masksToBounds":false,"rotation":0,"scale":1,"position":{"pointX":960,"pointY":540},"width":1920,"sublayerTransform":[1,0,0,0,0,1,0,0,0,0,1,0,0,0,0,1],"contentsRect":{"y":0,"x":0,"width":1,"height":1},"opacity":1,"edgeAntialiasingMask":0,"height":1080,"hidden":false,"anchorPoint":{"pointX":0.5,"pointY":0.5}},"texture":"5BA6DF7ACEF516F7DAB78587CF30CE20"}]}]},{"animations":[{"additive":false,"timeOffset":0,"beginTime":0,"repeatCount":0,"fillMode":"both","duration":1,"autoreverses":false,"animations":[{"repeatCount":0,"removedOnCompletion":true,"from":{"scalar":0.001},"timingFunction":"EaseInEaseOut","additive":false,"timeOffset":0,"autoreverses":false,"property":"zPosition","fillMode":"both","duration":1,"beginTime":0,"to":{"scalar":0.001}}],"removedOnCompletion":false}],"initialState":{"affineTransform":[1,0,0,1,0,0],"masksToBounds":false,"rotation":0,"scale":1,"position":{"pointX":973.30254364013672,"pointY":284.29559326171875},"width":1730,"sublayerTransform":[1,0,0,0,0,1,0,0,0,0,1,0,0,0,0,1],"contentsRect":{"y":0,"x":0,"width":1,"height":1},"opacity":1,"edgeAntialiasingMask":251658240,"height":305.06399536132812,"hidden":false,"anchorPoint":{"pointX":0.5,"pointY":0.5}},"layers":[{"animations":[{"additive":false,"timeOffset":0,"beginTime":0,"repeatCount":0,"fillMode":"both","duration":1,"autoreverses":false,"animations":[{"repeatCount":0,"removedOnCompletion":true,"from":{"texture":"DF4A1ABE0CA3332864506E8F34111A91"},"timingFunction":"EaseInEaseOut","additive":false,"timeOffset":0,"autoreverses":false,"property":"contents","fillMode":"both","duration":1,"beginTime":0,"to":{"texture":"DF4A1ABE0CA3332864506E8F34111A91"}}],"removedOnCompletion":false}],"layers":[],"texturedRectangle":{"singleTextureOpacity":1,"textXHeight":0.53018724637681158,"textBaseline":0.75878956670346476,"isBackgroundTexture":true,"isVerticalText":false,"textColor":[0.99990898370742798,1,0.99987810850143433,1],"textureType":6},"initialState":{"affineTransform":[1,0,0,1,0,0],"masksToBounds":false,"rotation":0,"scale":1,"position":{"pointX":865,"pointY":152.53199768066409},"width":1710,"sublayerTransform":[1,0,0,0,0,1,0,0,0,0,1,0,0,0,0,1],"contentsRect":{"y":0,"x":0,"width":1,"height":1},"opacity":1,"edgeAntialiasingMask":0,"height":69,"hidden":false,"anchorPoint":{"pointX":0.4984225401404308,"pointY":1.8738491777060688}},"texture":"DF4A1ABE0CA3332864506E8F34111A91"}]},{"animations":[{"additive":false,"timeOffset":0,"beginTime":0,"repeatCount":0,"fillMode":"both","duration":1,"autoreverses":false,"animations":[{"repeatCount":0,"removedOnCompletion":true,"from":{"scalar":0.002},"timingFunction":"EaseInEaseOut","additive":false,"timeOffset":0,"autoreverses":false,"property":"zPosition","fillMode":"both","duration":1,"beginTime":0,"to":{"scalar":0.002}}],"removedOnCompletion":false}],"initialState":{"affineTransform":[1,0,0,1,0,0],"masksToBounds":false,"rotation":0,"scale":1,"position":{"pointX":973.30254364013672,"pointY":284.29559326171875},"width":1730,"sublayerTransform":[1,0,0,0,0,1,0,0,0,0,1,0,0,0,0,1],"contentsRect":{"y":0,"x":0,"width":1,"height":1},"opacity":1,"edgeAntialiasingMask":251658240,"height":305.06399536132812,"hidden":false,"anchorPoint":{"pointX":0.5,"pointY":0.5}},"layers":[{"animations":[{"additive":false,"timeOffset":0,"beginTime":0,"repeatCount":0,"fillMode":"both","duration":1,"autoreverses":false,"animations":[{"repeatCount":0,"removedOnCompletion":true,"from":{"texture":"CF8E4BDD0744F490D169E12D06EF9F9F"},"timingFunction":"EaseInEaseOut","additive":false,"timeOffset":0,"autoreverses":false,"property":"contents","fillMode":"both","duration":1,"beginTime":0,"to":{"texture":"CF8E4BDD0744F490D169E12D06EF9F9F"}}],"removedOnCompletion":false}],"layers":[],"texturedRectangle":{"singleTextureOpacity":1,"textXHeight":0.53018724637681158,"textBaseline":0.76794206541904531,"isBackgroundTexture":true,"isVerticalText":false,"textColor":[0.99990898370742798,1,0.99987810850143433,1],"textureType":6},"initialState":{"affineTransform":[1,0,0,1,0,0],"masksToBounds":false,"rotation":0,"scale":1,"position":{"pointX":865,"pointY":152.53199768066409},"width":916,"sublayerTransform":[1,0,0,0,0,1,0,0,0,0,1,0,0,0,0,1],"contentsRect":{"y":0,"x":0,"width":1,"height":1},"opacity":1,"edgeAntialiasingMask":0,"height":69,"hidden":false,"anchorPoint":{"pointX":0.50033028781674316,"pointY":-1.1261508222939307}},"texture":"CF8E4BDD0744F490D169E12D06EF9F9F"}]},{"animations":[{"additive":false,"timeOffset":0,"beginTime":0,"repeatCount":0,"fillMode":"both","duration":1,"autoreverses":false,"animations":[{"repeatCount":0,"removedOnCompletion":true,"from":{"scalar":0.0030000000000000001},"timingFunction":"EaseInEaseOut","additive":false,"timeOffset":0,"autoreverses":false,"property":"zPosition","fillMode":"both","duration":1,"beginTime":0,"to":{"scalar":0.0030000000000000001}}],"removedOnCompletion":false}],"initialState":{"affineTransform":[1,0,0,1,0,0],"masksToBounds":false,"rotation":0,"scale":1,"position":{"pointX":973.30254364013672,"pointY":284.29559326171875},"width":1730,"sublayerTransform":[1,0,0,0,0,1,0,0,0,0,1,0,0,0,0,1],"contentsRect":{"y":0,"x":0,"width":1,"height":1},"opacity":1,"edgeAntialiasingMask":251658240,"height":305.06399536132812,"hidden":false,"anchorPoint":{"pointX":0.5,"pointY":0.5}},"layers":[{"animations":[{"additive":false,"timeOffset":0,"beginTime":0,"repeatCount":0,"fillMode":"both","duration":1,"autoreverses":false,"animations":[{"repeatCount":0,"removedOnCompletion":true,"from":{"texture":"4C464120E8927592D9F3A3E762A3111D"},"timingFunction":"EaseInEaseOut","additive":false,"timeOffset":0,"autoreverses":false,"property":"contents","fillMode":"both","duration":1,"beginTime":0,"to":{"texture":"4C464120E8927592D9F3A3E762A3111D"}}],"removedOnCompletion":false}],"layers":[],"texturedRectangle":{"singleTextureOpacity":1,"textXHeight":0.53018724637681158,"textBaseline":0.76184039960865824,"isBackgroundTexture":true,"isVerticalText":false,"textColor":[0.99990898370742798,1,0.99987810850143433,1],"textureType":6},"initialState":{"affineTransform":[1,0,0,1,0,0],"masksToBounds":false,"rotation":0,"scale":1,"position":{"pointX":865,"pointY":152.53199768066409},"width":1664,"sublayerTransform":[1,0,0,0,0,1,0,0,0,0,1,0,0,0,0,1],"contentsRect":{"y":0,"x":0,"width":1,"height":1},"opacity":1,"edgeAntialiasingMask":0,"height":69,"hidden":false,"anchorPoint":{"pointX":0.49958085555296677,"pointY":0.87384917770606885}},"texture":"4C464120E8927592D9F3A3E762A3111D"}]},{"animations":[{"additive":false,"timeOffset":0,"beginTime":0,"repeatCount":0,"fillMode":"both","duration":1,"autoreverses":false,"animations":[{"repeatCount":0,"removedOnCompletion":true,"from":{"scalar":0.0040000000000000001},"timingFunction":"EaseInEaseOut","additive":false,"timeOffset":0,"autoreverses":false,"property":"zPosition","fillMode":"both","duration":1,"beginTime":0,"to":{"scalar":0.0040000000000000001}}],"removedOnCompletion":false}],"initialState":{"affineTransform":[1,0,0,1,0,0],"masksToBounds":false,"rotation":0,"scale":1,"position":{"pointX":973.30254364013672,"pointY":284.29559326171875},"width":1730,"sublayerTransform":[1,0,0,0,0,1,0,0,0,0,1,0,0,0,0,1],"contentsRect":{"y":0,"x":0,"width":1,"height":1},"opacity":1,"edgeAntialiasingMask":251658240,"height":305.06399536132812,"hidden":false,"anchorPoint":{"pointX":0.5,"pointY":0.5}},"layers":[{"animations":[{"additive":false,"timeOffset":0,"beginTime":0,"repeatCount":0,"fillMode":"both","duration":1,"autoreverses":false,"animations":[{"repeatCount":0,"removedOnCompletion":true,"from":{"texture":"83F9BC4245FF6CA5A95339B1E4DB0291"},"timingFunction":"EaseInEaseOut","additive":false,"timeOffset":0,"autoreverses":false,"property":"contents","fillMode":"both","duration":1,"beginTime":0,"to":{"texture":"83F9BC4245FF6CA5A95339B1E4DB0291"}}],"removedOnCompletion":false}],"layers":[],"texturedRectangle":{"singleTextureOpacity":1,"textXHeight":0.53018724637681158,"textBaseline":0.7648912325138516,"isBackgroundTexture":true,"isVerticalText":false,"textColor":[0.99990898370742798,1,0.99987810850143433,1],"textureType":6},"initialState":{"affineTransform":[1,0,0,1,0,0],"masksToBounds":false,"rotation":0,"scale":1,"position":{"pointX":865,"pointY":152.53199768066409},"width":1614,"sublayerTransform":[1,0,0,0,0,1,0,0,0,0,1,0,0,0,0,1],"contentsRect":{"y":0,"x":0,"width":1,"height":1},"opacity":1,"edgeAntialiasingMask":0,"height":69,"hidden":false,"anchorPoint":{"pointX":0.49894829221817638,"pointY":-0.12615082229393115}},"texture":"83F9BC4245FF6CA5A95339B1E4DB0291"}]},{"animations":[{"additive":false,"timeOffset":0,"beginTime":0,"repeatCount":0,"fillMode":"both","duration":1,"autoreverses":false,"animations":[{"repeatCount":0,"removedOnCompletion":true,"from":{"scalar":0.0050000000000000001},"timingFunction":"EaseInEaseOut","additive":false,"timeOffset":0,"autoreverses":false,"property":"zPosition","fillMode":"both","duration":1,"beginTime":0,"to":{"scalar":0.0050000000000000001}}],"removedOnCompletion":false}],"initialState":{"affineTransform":[1,0,0,1,0,0],"masksToBounds":false,"rotation":0,"scale":1,"position":{"pointX":973.30253982543945,"pointY":540},"width":1365.8639907836914,"sublayerTransform":[1,0,0,0,0,1,0,0,0,0,1,0,0,0,0,1],"contentsRect":{"y":0,"x":0,"width":1,"height":1},"opacity":1,"edgeAntialiasingMask":251658240,"height":63.656008243560791,"hidden":false,"anchorPoint":{"pointX":0.5,"pointY":0.5}},"layers":[{"animations":[{"additive":false,"timeOffset":0,"beginTime":0,"repeatCount":0,"fillMode":"both","duration":1,"autoreverses":false,"animations":[{"repeatCount":0,"removedOnCompletion":true,"from":{"texture":"1937937BB3A3CA35C139DE4791FE2B04"},"timingFunction":"EaseInEaseOut","additive":false,"timeOffset":0,"autoreverses":false,"property":"contents","fillMode":"both","duration":1,"beginTime":0,"to":{"texture":"1937937BB3A3CA35C139DE4791FE2B04"}}],"removedOnCompletion":false}],"layers":[],"texturedRectangle":{"singleTextureOpacity":1,"textXHeight":0.50644897959183677,"textBaseline":0.74702295478509395,"isBackgroundTexture":true,"isVerticalText":false,"textColor":[0.99990898370742798,1,0.99987810850143433,1],"textureType":6},"initialState":{"affineTransform":[1,0,0,1,0,0],"masksToBounds":false,"rotation":0,"scale":1,"position":{"pointX":682.93199999999979,"pointY":31.8280029296875},"width":1343,"sublayerTransform":[1,0,0,0,0,1,0,0,0,0,1,0,0,0,0,1],"contentsRect":{"y":0,"x":0,"width":1,"height":1},"opacity":1,"edgeAntialiasingMask":0,"height":49,"hidden":false,"anchorPoint":{"pointX":0.50580978736678595,"pointY":0.38775507771238987}},"texture":"1937937BB3A3CA35C139DE4791FE2B04"}]},{"animations":[{"additive":false,"timeOffset":0,"beginTime":0,"repeatCount":0,"fillMode":"both","duration":1,"autoreverses":false,"animations":[{"repeatCount":0,"removedOnCompletion":true,"from":{"scalar":0.0060000000000000001},"timingFunction":"EaseInEaseOut","additive":false,"timeOffset":0,"autoreverses":false,"property":"zPosition","fillMode":"both","duration":1,"beginTime":0,"to":{"scalar":0.0060000000000000001}}],"removedOnCompletion":false}],"initialState":{"affineTransform":[1,0,0,1,0,0],"masksToBounds":false,"rotation":0,"scale":1,"position":{"pointX":278.16351893419909,"pointY":842.67086610191473},"width":238.0514641121174,"sublayerTransform":[1,0,0,0,0,1,0,0,0,0,1,0,0,0,0,1],"contentsRect":{"y":0,"x":0,"width":1,"height":1},"opacity":1,"edgeAntialiasingMask":251658240,"height":194.90716189208626,"hidden":false,"anchorPoint":{"pointX":0.5,"pointY":0.5}},"layers":[{"animations":[{"additive":false,"timeOffset":0,"beginTime":0,"repeatCount":0,"fillMode":"both","duration":1,"autoreverses":false,"animations":[{"repeatCount":0,"removedOnCompletion":true,"from":{"texture":"15C82D643049B875A80E4C8B615AE283"},"timingFunction":"EaseInEaseOut","additive":false,"timeOffset":0,"autoreverses":false,"property":"contents","fillMode":"both","duration":1,"beginTime":0,"to":{"texture":"15C82D643049B875A80E4C8B615AE283"}}],"removedOnCompletion":false}],"layers":[],"texturedRectangle":{"singleTextureOpacity":1,"textXHeight":0,"shapePath":{"lineWidth":1,"flatness":0.59999999999999998,"lineCapStyle":0,"elements":[{"type":"MoveToPoint","points":[[200.18913285007875,1.2392071551444133]]},{"type":"AddCurve","points":[[199.90752302715555,1.2856815933641883],[199.62774667242775,1.4027852328530344],[199.38981332948606,1.6109836235857529]]},{"type":"AddCurve","points":[[195.0474708230613,5.5369434501329806],[191.42264974130376,11.541133949616892],[189.81656790843408,16.537809667030842]]},{"type":"AddCurve","points":[[189.40018909657374,17.846462209802326],[188.57113471554476,18.928329735876332],[187.38143169453542,19.642143308038385]]},{"type":"AddCurve","points":[[178.81570427658153,24.638820160024125],[179.47001643138356,38.669665572067743],[175.48458301594655,50.982898636132632]]},{"type":"AddCurve","points":[[172.15346175531158,61.154706867716413],[158.65804664813913,65.076921543697608],[150.09224661758344,68.28909396414474]]},{"type":"AddCurve","points":[[141.52651919962955,71.560727022931133],[81.68535763912223,94.941764621254151],[81.685366715697455,150.61899633553639]]},{"type":"AddCurve","points":[[80.257748504896881,175.54289726569004],[70.491158416694816,179.9522063022996],[51.218285341161391,179.95216999600234]]},{"type":"AddCurve","points":[[31.945391843333709,179.95216999600234],[18.981570190208913,161.97303744825695],[14.87713039328446,154.002171416083]]},{"type":"AddCurve","points":[[9.8209697048841917,144.06829650359941],[-2.4365278973280056,149.61156919913719],[2.1437843292500816,159.48587455438974]]},{"type":"AddCurve","points":[[5.8318075188876719,167.39727087165011],[21.948324818737092,196.1244470479578],[52.761157904165884,196.1244470479578]]},{"type":"AddCurve","points":[[77.328147702479328,196.1244470479578],[89.343935822813364,189.46966613834775],[93.21043887308042,186.79285730073752]]},{"type":"AddCurve","points":[[93.983735852503742,186.2574846413263],[95.058202674459608,186.42471144651063],[95.534042130617308,187.25757790567877]]},{"type":"AddCurve","points":[[98.270320957322838,191.77836542802834],[102.84686633427191,196.1244470479578],[108.67634215524595,196.1244470479578]]},{"type":"AddCurve","points":[[108.67634215524595,196.1244470479578],[163.23828619120468,196.1244470479578],[167.3426772015373,196.1244470479578]]},{"type":"AddCurve","points":[[171.44708636502037,196.1244470479578],[173.76324683087296,194.15399537670964],[173.94171045294206,190.28755624989572]]},{"type":"AddCurve","points":[[174.12017407501116,186.89694745498491],[172.02704321558122,183.03795111910949],[167.26832189729612,183.03791481281223]]},{"type":"AddCurve","points":[[158.28619751433143,183.03791481281223],[154.95509440684691,173.46096710870188],[162.21216120889585,168.76169782901707]]},{"type":"AddCurve","points":[[168.10109767416725,164.89522239590588],[174.59981661618804,160.49335615023483],[181.0240531819145,155.6751655938715]]},{"type":"AddCurve","points":[[181.67838348986697,155.19928080252248],[182.55570709794119,155.55617170459846],[182.73422517946165,156.2700079681963]]},{"type":"AddCurve","points":[[186.06534644009662,170.96260372212964],[192.86148659908213,196.12442889480917],[200.35643228462141,196.1244470479578]]},{"type":"AddCurve","points":[[210.94463850045577,196.1244470479578],[207.89977426925907,196.1244470479578],[212.12315918078821,196.1244470479578]]},{"type":"AddCurve","points":[[216.34654409231734,196.1244470479578],[218.72215612589207,194.03503779373386],[218.72219243219297,189.99013506273332]]},{"type":"AddCurve","points":[[218.72219243219297,186.42108081678452],[216.29827486527211,183.16063009755453],[211.36101731231611,182.38730596589448]]},{"type":"AddCurve","points":[[209.16011119866744,182.03039691066988],[207.30865323117177,180.48008171132642],[206.71381079724233,178.27917581821384]]},{"type":"AddCurve","points":[[204.27495318750152,169.65396139050426],[203.2117231656739,153.7679231861548],[203.92548688819807,136.69596701149658]]},{"type":"AddCurve","points":[[203.9849747622211,135.74422465852149],[204.33440475522366,134.91890990918364],[204.929283495454,134.20506456901148]]},{"type":"AddCurve","points":[[214.56573818637116,123.43842303967722],[221.28743227536324,111.48210583826767],[221.28745042851369,98.811943296685968]]},{"type":"AddCurve","points":[[221.28745042851369,80.907193275454119],[212.59904401982203,75.854722721152484],[217.4767410861532,57.414631808519516]]},{"type":"AddCurve","points":[[219.61817747892928,49.384259755134735],[226.15768655001011,48.008695841082954],[226.15772285631101,48.008686764508639]]},{"type":"AddCurve","points":[[226.15772285631101,48.008686764508639],[238.7163627876871,49.55155009633927],[237.34819614460866,36.167608019749196]]},{"type":"AddCurve","points":[[237.28870827058563,35.632248975199445],[237.40398077594,35.100597711257478],[237.70138383975427,34.624735611344249]]},{"type":"AddCurve","points":[[238.5341596166254,33.672988720082003],[238.89480825660576,32.721237290532599],[239.13272344639699,31.947944926882656]]},{"type":"AddCurve","points":[[239.37065678933868,30.996198035620409],[238.83532038258272,30.037026506568282],[237.94303857853811,29.680108374769361]]},{"type":"AddCurve","points":[[234.31449610093841,28.252485768732413],[228.36607176164398,25.110944980463046],[223.96424138119619,19.995330967793734]]},{"type":"AddCurve","points":[[220.33569890359649,15.712465418826469],[211.11938072668272,15.355556363601863],[206.36062310209672,15.534013160357745]]},{"type":"AddCurve","points":[[204.7545594223775,15.593497624704582],[203.37524674492306,14.333184647592589],[203.25628915002744,12.727100706512601]]},{"type":"AddCurve","points":[[203.13733155513182,11.180510306353767],[202.60197699522541,6.6002230029381508],[202.06660428216856,2.6147802011695376]]},{"type":"AddCurve","points":[[201.93276110390434,1.633290226805002],[201.03399862514925,1.0997838316212665],[200.18913285007875,1.2392071551444133]]},{"type":"CloseSubpath"},{"type":"MoveToPoint","points":[[200.18913285007875,1.2392071551444133]]}],"windingRule":0,"lineJoinStyle":0,"miterLimit":10},"isBackgroundTexture":true,"textBaseline":0,"isVerticalText":false,"textureType":5},"initialState":{"affineTransform":[1,0,0,1,0,0],"masksToBounds":false,"rotation":0,"scale":1,"position":{"pointX":119.02573393484789,"pointY":97.453582764050338},"width":241,"sublayerTransform":[1,0,0,0,0,1,0,0,0,0,1,0,0,0,0,1],"contentsRect":{"y":0,"x":0,"width":1,"height":1},"opacity":1,"edgeAntialiasingMask":0,"height":198,"hidden":false,"anchorPoint":{"pointX":0.49860382080078125,"pointY":0.49833771676728222}},"texture":"15C82D643049B875A80E4C8B615AE283"}]},{"animations":[{"additive":false,"timeOffset":0,"beginTime":0,"repeatCount":0,"fillMode":"both","duration":1,"autoreverses":false,"animations":[{"repeatCount":0,"removedOnCompletion":true,"from":{"scalar":0.0070000000000000001},"timingFunction":"EaseInEaseOut","additive":false,"timeOffset":0,"autoreverses":false,"property":"zPosition","fillMode":"both","duration":1,"beginTime":0,"to":{"scalar":0.0070000000000000001}}],"removedOnCompletion":false}],"initialState":{"affineTransform":[1,0,0,1,0,0],"masksToBounds":false,"rotation":0,"scale":1,"position":{"pointX":1555.6087261249277,"pointY":842.67085463244302},"width":230.47624279351317,"sublayerTransform":[1,0,0,0,0,1,0,0,0,0,1,0,0,0,0,1],"contentsRect":{"y":0,"x":0,"width":1,"height":1},"opacity":1,"edgeAntialiasingMask":251658240,"height":188.70486844530649,"hidden":false,"anchorPoint":{"pointX":0.5,"pointY":0.5}},"layers":[{"animations":[{"additive":false,"timeOffset":0,"beginTime":0,"repeatCount":0,"fillMode":"both","duration":1,"autoreverses":false,"animations":[{"repeatCount":0,"removedOnCompletion":true,"from":{"texture":"235AE52CEB10D3079D7B5FBD9551DD11"},"timingFunction":"EaseInEaseOut","additive":false,"timeOffset":0,"autoreverses":false,"property":"contents","fillMode":"both","duration":1,"beginTime":0,"to":{"texture":"235AE52CEB10D3079D7B5FBD9551DD11"}}],"removedOnCompletion":false}],"layers":[],"texturedRectangle":{"singleTextureOpacity":1,"textXHeight":0,"shapePath":{"lineWidth":1,"flatness":0.59999999999999998,"lineCapStyle":0,"elements":[{"type":"MoveToPoint","points":[[39.129669689091315,1.3396448119549405]]},{"type":"AddCurve","points":[[39.402318186184857,1.3846403506780689],[39.673191559304541,1.4980175435409819],[39.903553439753523,1.6995906902244542]]},{"type":"AddCurve","points":[[44.107714878273327,5.5006194743814376],[47.617187701043804,11.313745925594048],[49.172161151172986,16.151418511686643]]},{"type":"AddCurve","points":[[49.575290048087481,17.418427396978586],[50.377962442998978,18.465867969203828],[51.529806996213665,19.156966720638593]]},{"type":"AddCurve","points":[[59.822957720771228,23.994640405198879],[59.189466943407751,37.578999296649272],[63.048076773511639,49.500403327852837]]},{"type":"AddCurve","points":[[66.273195826252049,59.348526483299793],[79.339162802934879,63.145929294259986],[87.632383829432001,66.255884660393349]]},{"type":"AddCurve","points":[[95.925534553989564,69.423408521324745],[153.86244383663779,92.060419810572057],[153.86243504889535,145.96590272894537]]},{"type":"AddCurve","points":[[155.24462390707413,170.09668068759493],[164.70042371418231,174.36567764804931],[183.35999966282316,174.36564249708317]]},{"type":"AddCurve","points":[[202.01959538388451,174.36564249708317],[214.5708851564616,156.95863800711231],[218.54471437316306,149.2414191456046]]},{"type":"AddCurve","points":[[223.4399790285147,139.62365784676513],[235.30742123873279,144.99053372045455],[230.8728627001401,154.55062107159756]]},{"type":"AddCurve","points":[[227.30219897306188,162.21026265056571],[211.69853794102323,190.02328885509633],[181.86622405107983,190.02328885509633]]},{"type":"AddCurve","points":[[158.08099959728224,190.02328885509633],[146.44757524298711,183.58027494073031],[142.70411120213794,180.98864693357609]]},{"type":"AddCurve","points":[[141.95542190906508,180.47031078685541],[140.91514653393006,180.63221613690257],[140.45444913625943,181.43857930018567]]},{"type":"AddCurve","points":[[137.80524357238392,185.81550730217714],[133.37433201555996,190.02328885509633],[127.73036049165057,190.02328885509633]]},{"type":"AddCurve","points":[[127.73036049165057,190.02328885509633],[74.904674634935873,190.02328885509633],[70.930892652349939,190.02328885509633]]},{"type":"AddCurve","points":[[66.957093094279116,190.02328885509633],[64.714636977205373,188.11554046970559],[64.54185238525497,184.37213833048008]]},{"type":"AddCurve","points":[[64.369067793304566,181.08942475350341],[66.395591503023752,177.35322856233688],[71.002881838458052,177.35319341137074]]},{"type":"AddCurve","points":[[79.699179035415,177.35319341137074],[82.924280512670521,168.08100126066711],[75.898146493809691,163.53127110912465]]},{"type":"AddCurve","points":[[70.196606469144172,159.787833818933],[63.904688331549551,155.52604280653759],[57.68488240845727,150.86117566539906]]},{"type":"AddCurve","points":[[57.051374055608903,150.40043437670101],[56.201968446375759,150.74596837387071],[56.029131127970686,151.43708909465931]]},{"type":"AddCurve","points":[[52.804012075230276,165.66214025209774],[46.224137193203205,190.02327127961325],[38.967694020348063,190.02328885509633]]},{"type":"AddCurve","points":[[28.716423373261932,190.02328885509633],[31.664394604777044,190.02328885509633],[27.575405318739286,190.02328885509633]]},{"type":"AddCurve","points":[[23.486416032701527,190.02328885509633],[21.186400202614095,188.00036832914338],[21.186365051644316,184.08418161584996]]},{"type":"AddCurve","points":[[21.186365051644316,180.62870104028843],[23.533149247023175,177.47200367692858],[28.313294476347437,176.72328809811734]]},{"type":"AddCurve","points":[[30.444163839856628,176.37773652546457],[32.236705119239559,174.87675512026181],[32.812618608104458,172.74588597728871]]},{"type":"AddCurve","points":[[35.17386742754752,164.39514125301503],[36.203263577535836,149.01462511206046],[35.512213087158671,132.48592902532255]]},{"type":"AddCurve","points":[[35.454618223175203,131.56447281115106],[35.116307714533832,130.76542104882537],[34.540359074699154,130.07429154029523]]},{"type":"AddCurve","points":[[25.210553524893839,119.65026374332956],[18.70275570639933,108.07441787558491],[18.70273813091444,95.807442499310127]]},{"type":"AddCurve","points":[[18.70273813091444,78.472453551221406],[27.114663982356433,73.580761619443365],[22.392183918955197,55.727467281729332]]},{"type":"AddCurve","points":[[20.318891843944584,47.952635986715904],[13.987481591802862,46.620844969293103],[13.987446440833082,46.620836181551567]]},{"type":"AddCurve","points":[[13.987446440833082,46.620836181551567],[1.8284447863970854,48.114602850953816],[3.1530739315621759,35.156561677275022]]},{"type":"AddCurve","points":[[3.2106687955456437,34.63823871216664],[3.0990644664962019,34.123505539475445],[2.8111252975486423,33.662786220131238]]},{"type":"AddCurve","points":[[2.004849928234762,32.741325612088986],[1.6556777699315717,31.819860610175965],[1.4253334649674798,31.071175788460096]]},{"type":"AddCurve","points":[[1.1949715845184983,30.149715180417843],[1.7132726339150395,29.221066199799679],[2.5771604426972772,28.875505839405378]]},{"type":"AddCurve","points":[[6.0902362398701371,27.493312730406615],[11.849371128519124,24.451741371965909],[16.111127431022396,19.498915319261869]]},{"type":"AddCurve","points":[[19.624203228195256,15.352338189200964],[28.547241755713912,15.006786616548197],[33.154567242117992,15.179564599809964]]},{"type":"AddCurve","points":[[34.709523116762284,15.237156162429528],[36.044943609649636,14.016948591619439],[36.160115762131682,12.461973105488141]]},{"type":"AddCurve","points":[[36.275287914613727,10.964597969717943],[36.793606539495158,6.530063575793065],[37.311942739861479,2.6714446707553634]]},{"type":"AddCurve","points":[[37.441526789953059,1.7211874575525599],[38.311689046840911,1.2046581872036768],[39.129669689091315,1.3396448119549405]]},{"type":"CloseSubpath"},{"type":"MoveToPoint","points":[[39.129669689091315,1.3396448119549405]]}],"windingRule":0,"lineJoinStyle":0,"miterLimit":10},"isBackgroundTexture":true,"textBaseline":0,"isVerticalText":false,"textureType":5},"initialState":{"affineTransform":[1,0,0,1,0,0],"masksToBounds":false,"rotation":0,"scale":1,"position":{"pointX":115.23812177329364,"pointY":94.352432251342975},"width":233,"sublayerTransform":[1,0,0,0,0,1,0,0,0,0,1,0,0,0,0,1],"contentsRect":{"y":0,"x":0,"width":1,"height":1},"opacity":1,"edgeAntialiasingMask":0,"height":192,"hidden":false,"anchorPoint":{"pointX":0.50046663734534269,"pointY":0.49828569094340008}},"texture":"235AE52CEB10D3079D7B5FBD9551DD11"}]},{"animations":[{"additive":false,"timeOffset":0,"beginTime":0,"repeatCount":0,"fillMode":"both","duration":1,"autoreverses":false,"animations":[{"repeatCount":0,"removedOnCompletion":true,"from":{"scalar":0.0080000000000000002},"timingFunction":"EaseInEaseOut","additive":false,"timeOffset":0,"autoreverses":false,"property":"zPosition","fillMode":"both","duration":1,"beginTime":0,"to":{"scalar":0.0080000000000000002}}],"removedOnCompletion":false}],"initialState":{"affineTransform":[1,0,0,1,0,0],"masksToBounds":false,"rotation":0,"scale":1,"position":{"pointX":934.00928099758653,"pointY":998.22995642388526},"width":107.05444206856191,"sublayerTransform":[1,0,0,0,0,1,0,0,0,0,1,0,0,0,0,1],"contentsRect":{"y":0,"x":0,"width":1,"height":1},"opacity":1,"edgeAntialiasingMask":251658240,"height":40.972795635461807,"hidden":false,"anchorPoint":{"pointX":0.5,"pointY":0.5}},"layers":[{"animations":[{"additive":false,"timeOffset":0,"beginTime":0,"repeatCount":0,"fillMode":"both","duration":1,"autoreverses":false,"animations":[{"repeatCount":0,"removedOnCompletion":true,"from":{"texture":"63923EB2BF62E7A88B03B04586E5077E"},"timingFunction":"EaseInEaseOut","additive":false,"timeOffset":0,"autoreverses":false,"property":"contents","fillMode":"both","duration":1,"beginTime":0,"to":{"texture":"0C6385A393D32C19461ECFF493A876DC"}}],"removedOnCompletion":false}],"layers":[],"texturedRectangle":{"singleTextureOpacity":1,"textXHeight":0,"shapePath":{"lineWidth":1,"flatness":0.59999999999999998,"lineCapStyle":0,"elements":[{"type":"MoveToPoint","points":[[16.579053779390733,1.7435586061543518]]},{"type":"AddCurve","points":[[8.2561172398484359,1.7435586061543518],[1.4820626309134468,10.92347530376685],[1.4820599633055735,22.234124561793237]]},{"type":"AddCurve","points":[[1.4820599633055735,33.544783995937564],[8.2294415672622563,42.716342030274632],[16.579053779390733,42.716354241616159]]},{"type":"AddCurve","points":[[23.541510155998367,42.716354241616159],[29.408591002970297,36.315767368745242],[31.142526002858858,27.619358738905817]]},{"type":"AddCurve","points":[[31.302582073599297,26.765724909440564],[32.081193404182159,26.15217216007261],[32.93482510305671,26.152174195296197]]},{"type":"AddLine","points":[[35.944220336412172,26.152174195296197]]},{"type":"AddLine","points":[[35.944220336412172,26.769058605677515]]},{"type":"AddCurve","points":[[35.944220336412172,27.622692435142767],[36.641133730857518,28.311265561183632],[37.49476746495543,28.311269631630807]]},{"type":"AddCurve","points":[[38.348401199053342,28.311269631630807],[39.045318663945409,27.622696505589943],[39.045314593498688,26.769058605677515]]},{"type":"AddLine","points":[[39.045314593498688,26.152174195296197]]},{"type":"AddLine","points":[[79.192814437930565,26.152174195296197]]},{"type":"AddLine","points":[[79.192814437930565,26.769058605677515]]},{"type":"AddCurve","points":[[79.192814437930565,27.622692435142767],[79.881379346151107,28.311265561183632],[80.735025291589182,28.311269631630807]]},{"type":"AddCurve","points":[[81.588663096133814,28.311269631630807],[82.285572420132439,27.622696505589943],[82.285572420132439,26.769058605677515]]},{"type":"AddLine","points":[[82.285572420132439,26.152174195296197]]},{"type":"AddLine","points":[[90.205033560541551,26.152174195296197]]},{"type":"AddCurve","points":[[90.525149772469149,26.152174195296197],[90.796909077351074,26.423943706656814],[90.796909077351074,26.744049778229623]]},{"type":"AddLine","points":[[90.796909077351074,32.637796780115991]]},{"type":"AddCurve","points":[[90.796909077351074,32.957908957359564],[90.525133490682265,33.221327946339102],[90.205033560541551,33.221336087233453]]},{"type":"AddLine","points":[[89.754874716770928,33.221336087233453]]},{"type":"AddCurve","points":[[89.43475850484333,33.221336087233453],[89.162999199961405,33.49310559859407],[89.162999199961405,33.813211670166879]]},{"type":"AddLine","points":[[89.162999199961405,37.247757306343942]]},{"type":"AddCurve","points":[[89.162999199961405,37.567869483587515],[89.434774786630214,37.83964103017172],[89.754874716770928,37.839632889277368]]},{"type":"AddLine","points":[[93.75628666139869,37.839632889277368]]},{"type":"AddCurve","points":[[94.076402873326288,37.839632889277368],[94.33981776243013,37.567853201798812],[94.339825903323572,37.247757306343942]]},{"type":"AddLine","points":[[94.339825903323572,35.222042283064752]]},{"type":"AddCurve","points":[[94.339825903323572,34.901930105821179],[94.611601489992381,34.638511116841642],[94.931701420133095,34.63850297594729]]},{"type":"AddLine","points":[[96.824035818946641,34.63850297594729]]},{"type":"AddCurve","points":[[97.144152030874238,34.63850297594729],[97.40756691997808,34.90191992970324],[97.407575060871523,35.222042283064752]]},{"type":"AddLine","points":[[97.407575060871523,37.247757306343942]]},{"type":"AddCurve","points":[[97.407575060871523,37.567869483587515],[97.679350647540332,37.83964103017172],[97.999450577681046,37.839632889277368]]},{"type":"AddLine","points":[[102.00086252230881,37.839632889277368]]},{"type":"AddCurve","points":[[102.32097873423641,37.839632889277368],[102.58438548244681,37.567853201798812],[102.58440176423369,37.247757306343942]]},{"type":"AddLine","points":[[102.58440176423369,33.813211670166879]]},{"type":"AddCurve","points":[[102.58440176423369,33.493099492923307],[102.32098687512985,33.221327946339102],[102.00086252230881,33.221336087233453]]},{"type":"AddLine","points":[[101.54236740365354,33.221336087233453]]},{"type":"AddCurve","points":[[101.22225119172595,33.221336087233453],[100.9588363026221,32.957919133477503],[100.95882816172866,32.637796780115991]]},{"type":"AddLine","points":[[100.95882816172866,26.744049778229623]]},{"type":"AddCurve","points":[[100.95882816172866,26.423937600986051],[101.22225933261939,26.152166054401846],[101.54236740365354,26.152174195296197]]},{"type":"AddLine","points":[[107.16935295078633,26.152174195296197]]},{"type":"AddCurve","points":[[107.91627992409281,26.152174195296197],[108.53653459544125,25.540298470164657],[108.53650203186749,24.793361237294107]]},{"type":"AddLine","points":[[108.53650203186749,19.674887886292368]]},{"type":"AddCurve","points":[[108.4831466162484,18.927956759092581],[107.86626227478496,18.307740687697901],[107.11933530147849,18.307738652474313]]},{"type":"AddLine","points":[[82.285572420132439,18.307738652474313]]},{"type":"AddLine","points":[[82.285572420132439,17.69919051790896]]},{"type":"AddCurve","points":[[82.285572420132439,16.845555670831914],[81.58864681434693,16.148629987186382],[80.735025291589182,16.148643216139703]]},{"type":"AddCurve","points":[[79.881387487044549,16.148643216139703],[79.192838860610891,16.845568899785235],[79.192814437930565,17.69919051790896]]},{"type":"AddLine","points":[[79.192814437930565,18.307738652474313]]},{"type":"AddLine","points":[[39.045314593498688,18.307738652474313]]},{"type":"AddLine","points":[[39.045314593498688,17.69919051790896]]},{"type":"AddCurve","points":[[39.045314593498688,16.845555670831914],[38.348401199053342,16.148629987186382],[37.49476746495543,16.148643216139703]]},{"type":"AddCurve","points":[[36.641133730857518,16.148643216139703],[35.944216265965451,16.845568899785235],[35.944220336412172,17.69919051790896]]},{"type":"AddLine","points":[[35.944220336412172,18.307738652474313]]},{"type":"AddLine","points":[[32.93482510305671,18.307738652474313]]},{"type":"AddCurve","points":[[32.081191368958798,18.307738652474313],[31.302573932705855,17.694186920718153],[31.142526002858858,16.840554108864694]]},{"type":"AddCurve","points":[[29.408580826853495,8.1441510758901359],[23.541504050328285,1.7435586061543518],[16.579053779390733,1.7435586061543518]]},{"type":"CloseSubpath"},{"type":"MoveToPoint","points":[[16.55404495473681,7.5372702982491546]]},{"type":"AddCurve","points":[[20.528781226778392,7.5372702982491546],[23.756590525513502,11.345284550861493],[23.756586455066781,16.040271630532175]]},{"type":"AddCurve","points":[[23.756586455066781,17.907597413308054],[23.251411453414903,19.64655146827829],[22.39777364887027,21.033700844294458]]},{"type":"AddCurve","points":[[21.944281109235135,21.75395426070429],[21.944281109235135,22.712621909092945],[22.39777364887027,23.459557106739908]]},{"type":"AddCurve","points":[[23.251407382968182,24.873390299216794],[23.75658238462006,26.577322226686761],[23.756586455066781,28.444650044686227]]},{"type":"AddCurve","points":[[23.756586455066781,33.139640177192291],[20.528781226778392,36.95597951189086],[16.55404495473681,36.955987652785211]]},{"type":"AddCurve","points":[[12.579308682695228,36.955987652785211],[9.3514993839601175,33.139644247639467],[9.3515034544068385,28.444650044686227]]},{"type":"AddCurve","points":[[9.3515034544068385,26.577324261910348],[9.8566703151652746,24.846710553203252],[10.710316260603349,23.459557106739908]]},{"type":"AddCurve","points":[[11.163809817850165,22.712625979540121],[11.163817958743607,21.780640112388596],[10.710316260603349,21.033700844294458]]},{"type":"AddCurve","points":[[9.8566815088937574,19.619867651817572],[9.3515070160476625,17.907594360472672],[9.3515034544068385,16.040271630532175]]},{"type":"AddCurve","points":[[9.3515034544068385,11.345281498026111],[12.579307665083547,7.5372718246668455],[16.55404495473681,7.5372702982491546]]},{"type":"CloseSubpath"},{"type":"MoveToPoint","points":[[16.55404495473681,7.5372702982491546]]}],"windingRule":0,"lineJoinStyle":0,"miterLimit":10},"isBackgroundTexture":true,"textBaseline":0,"isVerticalText":false,"textureType":5},"initialState":{"affineTransform":[1,0,0,1,0,0],"masksToBounds":false,"rotation":0,"scale":1,"position":{"pointX":53.5272216796875,"pointY":20.486396789550781},"width":110,"sublayerTransform":[1,0,0,0,0,1,0,0,0,0,1,0,0,0,0,1],"contentsRect":{"y":0,"x":0,"width":1,"height":1},"opacity":1,"edgeAntialiasingMask":0,"height":44,"hidden":false,"anchorPoint":{"pointX":0.5000843785726643,"pointY":0.50522625899329843}},"texture":"63923EB2BF62E7A88B03B04586E5077E"}]},{"animations":[{"additive":false,"timeOffset":0,"beginTime":0,"repeatCount":0,"fillMode":"both","duration":1,"autoreverses":false,"animations":[{"repeatCount":0,"removedOnCompletion":true,"from":{"scalar":0.0090000000000000011},"timingFunction":"EaseInEaseOut","additive":false,"timeOffset":0,"autoreverses":false,"property":"zPosition","fillMode":"both","duration":1,"beginTime":0,"to":{"scalar":0.0090000000000000011}}],"removedOnCompletion":false}],"initialState":{"affineTransform":[1,0,0,1,0,0],"masksToBounds":false,"rotation":0,"scale":1,"position":{"pointX":918.77992778319197,"pointY":842.67086610646982},"width":91.267364559558018,"sublayerTransform":[1,0,0,0,0,1,0,0,0,0,1,0,0,0,0,1],"contentsRect":{"y":0,"x":0,"width":1,"height":1},"opacity":1,"edgeAntialiasingMask":251658240,"height":107.41955574695021,"hidden":false,"anchorPoint":{"pointX":0.5,"pointY":0.5}},"layers":[{"animations":[{"additive":false,"timeOffset":0,"beginTime":0,"repeatCount":0,"fillMode":"both","duration":1,"autoreverses":false,"animations":[{"repeatCount":0,"removedOnCompletion":true,"from":{"scalar":0},"timingFunction":"EaseInEaseOut","additive":false,"timeOffset":0,"autoreverses":false,"property":"opacity","fillMode":"both","duration":0.33329999999999999,"beginTime":0.66670000000000007,"to":{"scalar":1}},{"additive":false,"timeOffset":0,"beginTime":0.66670000000000007,"from":{"scalar":false},"repeatCount":0,"fillMode":"forwards","duration":0.33329999999999993,"autoreverses":false,"property":"hidden","to":{"scalar":false},"removedOnCompletion":true}],"removedOnCompletion":false}],"layers":[],"texturedRectangle":{"singleTextureOpacity":1,"textXHeight":0,"shapePath":{"lineWidth":1,"flatness":0.59999999999999998,"lineCapStyle":0,"elements":[{"type":"MoveToPoint","points":[[53.464124144265043,1.9610882329947117]]},{"type":"AddCurve","points":[[53.464124144265043,1.9610882329947117],[51.219441431984364,4.6765083471807429],[52.745778874704229,7.2858225436142448]]},{"type":"AddCurve","points":[[52.745778874704229,7.2858225436142448],[52.905763848393008,10.954624178123026],[55.071421684907364,12.502805063799656]]},{"type":"AddCurve","points":[[53.307165702865973,14.878803877399037],[52.347076849092332,17.474183324955447],[51.686219602102028,19.704216391146815]]},{"type":"AddCurve","points":[[51.06441993677015,21.802646592587848],[50.570719047963735,24.755758248990219],[50.132797956676768,26.65420687414769]]},{"type":"AddCurve","points":[[49.57536202749759,29.071869713381602],[50.125908450865495,30.984758227809607],[47.65450677669196,31.727520340420938]]},{"type":"AddCurve","points":[[31.252098229648141,36.659103997671764],[21.30917648792456,54.301535090613015],[18.72315104513018,68.812094881497956]]},{"type":"AddCurve","points":[[18.72315104513018,68.812094881497956],[7.0859576782449949,79.441646374455104],[1.1955264678463209,106.31869726844195]]},{"type":"AddCurve","points":[[0.51424781419484589,109.42769559510111],[7.1218654595654698,106.26484177423049],[7.1218749417230356,106.26482137322489]]},{"type":"AddCurve","points":[[7.1218749417230356,106.26482137322489],[7.0905642827896145,108.08337822354474],[11.970705511258529,108.02476728364888]]},{"type":"AddCurve","points":[[14.561345891402652,108.02591663608018],[23.090402945952064,106.68671819291467],[29.641999142454551,103.72367498215351]]},{"type":"AddCurve","points":[[36.286118497014513,100.71898038863458],[38.737508221330472,98.256019271378364],[39.528225914785253,96.549201602414882]]},{"type":"AddCurve","points":[[41.999908318290068,98.31748031796576],[44.980406744425409,99.409712232132506],[45.912519498006986,100.22174179304454]]},{"type":"AddCurve","points":[[47.034574809060928,101.19926603586293],[47.528046689395524,102.95511076947389],[45.203153544315683,103.58898524411086]]},{"type":"AddCurve","points":[[42.878300913909015,104.22314044807911],[42.468685212285777,103.68170206805303],[41.234295929992186,104.3342684612802]]},{"type":"AddCurve","points":[[40.920810054355798,104.50006254949483],[40.663403957223636,104.67465924064265],[40.453095449344801,104.85506878171179]]},{"type":"AddCurve","points":[[39.189382451133383,104.50825168556787],[37.171143718176381,104.54046429882169],[35.74793393372147,107.40519448865268]]},{"type":"AddCurve","points":[[35.628975957082162,107.64483447057819],[35.921070659943439,107.87452680721071],[36.125065200240897,107.70151191234652]]},{"type":"AddCurve","points":[[37.092532609285399,106.88058693829237],[38.708944514707923,105.95521082664879],[40.129840078042434,107.32438064582709]]},{"type":"AddCurve","points":[[40.141620940463213,107.33587417014007],[40.154258932459697,107.34939342811322],[40.165757341520475,107.36029790930513]]},{"type":"AddCurve","points":[[40.644175291047986,107.89905686147574],[41.437544540561703,108.26719128450111],[42.284875886724876,108.26720881212566]]},{"type":"AddCurve","points":[[45.916829282286244,108.26720881212566],[48.459383055409717,106.55272639913596],[50.572784434282767,106.87541485235158]]},{"type":"AddCurve","points":[[52.686156217330677,107.19809554743824],[54.423526259961022,109.38066294426005],[58.384789240756618,109.38064397994492]]},{"type":"AddCurve","points":[[61.28201938194934,109.38064397994492],[62.673695820437274,107.02647309304461],[64.787041455717372,108.26720881212566]]},{"type":"AddCurve","points":[[66.378607234956348,109.20163233877042],[69.237989200586298,108.75386215916149],[70.470948401117312,107.8631395979977]]},{"type":"AddCurve","points":[[71.190155685001628,107.39276711548928],[71.715531864800255,106.69839072886884],[73.398205374577628,106.87541485235158]]},{"type":"AddCurve","points":[[76.356925870844748,107.18688936123317],[76.935818198549441,108.33475769120355],[80.105754329101728,108.1235397582135]]},{"type":"AddCurve","points":[[81.500493504481028,108.03044221127846],[82.552236318536075,107.57710514316864],[83.203618304082738,106.9831666427857]]},{"type":"AddCurve","points":[[84.00011953897183,107.18631468501746],[84.580146277526183,107.59136400943123],[84.954584898637222,107.94395344082329]]},{"type":"AddCurve","points":[[85.159169631408076,108.13646997306557],[85.498529728977815,107.96141296626899],[85.457426587329792,107.6835532806075]]},{"type":"AddCurve","points":[[85.326687748269705,106.79654054175376],[84.903846160881358,106.23393683670542],[84.361950051249551,105.88769010670546]]},{"type":"AddCurve","points":[[85.790882461459887,105.45582093064547],[87.489771035337981,105.62372293121916],[88.654063036875414,107.94395344082329]]},{"type":"AddCurve","points":[[88.730494973556688,108.09624263797014],[88.956251352788286,108.02286596738941],[88.932421828830229,107.85416028212819]]},{"type":"AddCurve","points":[[88.651692497485897,105.88129683380635],[87.494866114665911,101.72201537067986],[82.754652510607229,103.714695666284]]},{"type":"AddCurve","points":[[81.313077223652613,102.82021213662688],[79.886213073142358,103.83144832294568],[78.992319161282467,103.83142677258763]]},{"type":"AddCurve","points":[[76.317776053653688,103.83142677258763],[74.073146211584799,101.42518648515409],[71.494590410241472,99.799713947177565]]},{"type":"AddCurve","points":[[68.66545940060314,98.016206311912015],[67.644453718618252,91.835942898913117],[67.2832912674412,88.13558263268385]]},{"type":"AddCurve","points":[[69.570502605722822,86.250931983464056],[71.946335337895903,83.534056789100077],[73.47901921740322,80.009301770777142]]},{"type":"AddCurve","points":[[78.259463317276527,69.015170801864656],[84.088038391189571,66.208340964788931],[89.022214987525331,58.261398734823501]]},{"type":"AddCurve","points":[[93.481989759066664,51.078520428092929],[92.982463377462182,43.158563556523745],[90.728285002732264,37.240820284300185]]},{"type":"AddCurve","points":[[90.326298989886027,36.185427414261426],[89.671079316571195,34.7572659321944],[90.03687768077998,33.209107458890117]]},{"type":"AddCurve","points":[[91.679014966995965,26.256099638418959],[90.418798298880574,16.673741247917633],[88.600187141658353,12.852998382710553]]},{"type":"AddCurve","points":[[90.800335033269221,11.227526706748336],[90.961750088720578,7.4833674927434686],[90.961747215339528,7.4833674927434686]]},{"type":"AddCurve","points":[[92.544980189451508,4.7769298551461361],[90.216486410542643,1.9610853596136621],[90.216463998170184,1.9610882329947117]]},{"type":"AddCurve","points":[[90.216463998170184,1.9610882329947117],[89.452076244887849,3.9135457909131901],[86.723510124930726,5.1577246825403336]]},{"type":"AddCurve","points":[[84.567324963816986,6.1409956875152147],[82.376845424858175,6.6549096628546067],[81.039603179530786,6.8997119612253073]]},{"type":"AddCurve","points":[[78.983699018047787,6.0086764888620792],[75.53525467972463,5.4181274287991528],[71.620300832414614,5.4181248427561286]]},{"type":"AddCurve","points":[[67.908754493647848,5.4181248427561286],[64.617600759576362,5.9512878852768836],[62.533233172470318,6.7650222231826547]]},{"type":"AddCurve","points":[[61.273542907768501,6.5466452612362218],[59.033822524609946,6.0452422744494925],[56.831367595331358,5.0409935762367013]]},{"type":"AddCurve","points":[[54.200787218199707,3.8413569760701876],[53.464096272468623,1.9610934050806463],[53.464124144265043,1.9610882329947117]]},{"type":"CloseSubpath"},{"type":"MoveToPoint","points":[[62.838529912033664,16.426766098775602]]},{"type":"AddCurve","points":[[64.774326744446171,16.802029667594184],[66.424964928582085,17.987509693864467],[67.417981005483853,19.614423232451713]]},{"type":"AddCurve","points":[[67.241842745387544,21.198518220887195],[65.897458424052047,22.433935024254424],[64.266241135285782,22.433928415477908]]},{"type":"AddCurve","points":[[62.515202706204377,22.433928415477908],[61.096554988887306,21.014974395737909],[61.09654263334869,19.264229913540817]]},{"type":"AddCurve","points":[[61.09654263334869,18.026377345033666],[61.804148928467725,16.948865762130822],[62.838529912033664,16.426766098775602]]},{"type":"CloseSubpath"},{"type":"MoveToPoint","points":[[80.868996178010093,16.426766098775602]]},{"type":"AddCurve","points":[[81.903413366177688,16.948859440692445],[82.610967078422959,18.026383666472043],[82.610983456695067,19.264229913540817]]},{"type":"AddCurve","points":[[82.610983456695067,21.015268342622221],[81.192029436955067,22.433924680082555],[79.441284954757975,22.433928415477908]]},{"type":"AddCurve","points":[[77.810066516639267,22.433928415477908],[76.465709492424025,21.198518220887195],[76.289545084559904,19.614423232451713]]},{"type":"AddCurve","points":[[77.282298247092967,17.987514865950402],[78.93317233581547,16.802020760112782],[80.868996178010093,16.426766098775602]]},{"type":"CloseSubpath"},{"type":"MoveToPoint","points":[[64.266241135285782,17.603056477681434]]},{"type":"AddCurve","points":[[63.842969690088125,17.603056190343295],[63.421852131346782,17.76499563784148],[63.098930072249459,18.087939534634984]]},{"type":"AddCurve","points":[[62.453014694204171,18.733832500307926],[62.453031072476278,19.785641976803959],[63.098930072249459,20.431540976577139]]},{"type":"AddCurve","points":[[63.744820164541238,21.077435953616828],[64.787653198548924,21.07743997635032],[65.433552198322104,20.431540976577139]]},{"type":"AddCurve","points":[[66.079467576367392,19.785648010904197],[66.079451198095285,18.733838534408164],[65.433552198322104,18.087939534634984]]},{"type":"AddCurve","points":[[65.110607152176158,17.764992189784152],[64.689535567532062,17.60306136242923],[64.266241135285782,17.603056477681434]]},{"type":"CloseSubpath"},{"type":"MoveToPoint","points":[[79.441284954757975,17.603056477681434]]},{"type":"AddCurve","points":[[79.018007475460081,17.603056190343295],[78.596895950818976,17.76499563784148],[78.273973891721653,18.087939534634984]]},{"type":"AddCurve","points":[[77.628058513676365,18.733832500307926],[77.628074891948472,19.785641976803959],[78.273973891721653,20.431540976577139]]},{"type":"AddCurve","points":[[78.919887258400195,21.077435953616828],[79.962697018021117,21.07743997635032],[80.608596017794298,20.431540976577139]]},{"type":"AddCurve","points":[[81.254511395839586,19.785648010904197],[81.254495017567478,18.733838534408164],[80.608596017794298,18.087939534634984]]},{"type":"AddCurve","points":[[80.285639190786014,17.764992189784152],[79.864561859379705,17.60306136242923],[79.441284954757975,17.603056477681434]]},{"type":"CloseSubpath"},{"type":"MoveToPoint","points":[[55.286925265775608,96.899394921325779]]},{"type":"AddCurve","points":[[56.111585635231449,97.6131427811614],[57.16273164803647,98.063547563880888],[58.528458294668781,98.210375038274265]]},{"type":"AddCurve","points":[[60.810210208901708,98.455474444248466],[62.604862252679254,101.08956925377697],[62.290791643993543,103.46327482193772]]},{"type":"AddCurve","points":[[61.374757756249551,103.93537133309303],[60.512432820282015,104.29836901276485],[59.776583200530695,104.29835119780216]]},{"type":"AddCurve","points":[[57.417537335292991,104.29835119780216],[55.925962631533935,101.30426972463374],[55.286925265775608,96.899394921325779]]},{"type":"CloseSubpath"},{"type":"MoveToPoint","points":[[55.286925265775608,96.899394921325779]]}],"windingRule":0,"lineJoinStyle":0,"miterLimit":10},"isBackgroundTexture":true,"textBaseline":0,"isVerticalText":false,"textureType":5},"initialState":{"affineTransform":[1,0,0,1,0,0],"masksToBounds":false,"rotation":0,"scale":1,"position":{"pointX":45.633680534540872,"pointY":53.70977581937052},"width":94,"sublayerTransform":[1,0,0,0,0,1,0,0,0,0,1,0,0,0,0,1],"contentsRect":{"y":0,"x":0,"width":1,"height":1},"opacity":1,"edgeAntialiasingMask":0,"height":111,"hidden":true,"anchorPoint":{"pointX":0.49765878763780669,"pointY":0.50153931578707411}},"texture":"F47EB0FEEC51ECC395C99348997EAD2E"}]}]},"effects":[],"duration":1,"type":"transition","attributes":{"direction":0},"name":"apple:magic-move-implied-motion-path","objectID":"0"}],"automaticPlay":false,"hyperlinks":[],"accessibility":[{"text":"Let’s say Alice and Bob want to communicate securely over a public network. Alice will encrypt her message using a key and send it to Bob, who will decrypt the message using the same key.","targetRectangle":{"y":138.76359558105469,"x":117.28344282017929,"width":1730.294281644874,"height":291.57899006274226}},{"text":"Sending this key over the same public channel is not an option ","targetRectangle":{"y":512.1719958782196,"x":294.37054443359375,"width":1356.8639999999996,"height":55.656005859375}}],"baseLayer":{"animations":[],"initialState":{"affineTransform":[1,0,0,1,0,0],"masksToBounds":false,"rotation":0,"scale":1,"position":{"pointX":960,"pointY":540},"width":1920,"sublayerTransform":[1,0,0,0,0,1,0,0,0,0,1,0,0,0,0,1],"contentsRect":{"y":0,"x":0,"width":1,"height":1},"opacity":1,"edgeAntialiasingMask":251658240,"height":1080,"hidden":false,"anchorPoint":{"pointX":0.5,"pointY":0.5}},"objectID":"0","layers":[{"animations":[],"initialState":{"affineTransform":[1,0,0,1,0,0],"masksToBounds":false,"rotation":0,"scale":1,"position":{"pointX":960,"pointY":540},"width":1920,"sublayerTransform":[1,0,0,0,0,1,0,0,0,0,1,-0.00035007912466775983,0,0,0,1],"contentsRect":{"y":0,"x":0,"width":1,"height":1},"opacity":1,"edgeAntialiasingMask":251658240,"height":1080,"hidden":false,"anchorPoint":{"pointX":0.5,"pointY":0.5}},"layers":[{"animations":[],"initialState":{"affineTransform":[1,0,0,1,0,0],"masksToBounds":false,"rotation":0,"scale":1,"position":{"pointX":960,"pointY":540},"width":1920,"sublayerTransform":[1,0,0,0,0,1,0,0,0,0,1,0,0,0,0,1],"contentsRect":{"y":0,"x":0,"width":1,"height":1},"opacity":1,"edgeAntialiasingMask":251658240,"height":1080,"hidden":false,"anchorPoint":{"pointX":0.5,"pointY":0.5}},"layers":[{"animations":[],"layers":[],"texturedRectangle":{"isBackgroundTexture":true,"singleTextureOpacity":1,"textureType":1,"textBaseline":0,"textXHeight":0,"isVerticalText":false},"initialState":{"affineTransform":[1,0,0,1,0,0],"masksToBounds":false,"rotation":0,"scale":1,"position":{"pointX":960,"pointY":540},"width":1920,"sublayerTransform":[1,0,0,0,0,1,0,0,0,0,1,0,0,0,0,1],"contentsRect":{"y":0,"x":0,"width":1,"height":1},"opacity":1,"edgeAntialiasingMask":0,"height":1080,"hidden":false,"anchorPoint":{"pointX":0.5,"pointY":0.5}},"texture":"5BA6DF7ACEF516F7DAB78587CF30CE20"}]}]},{"animations":[],"initialState":{"affineTransform":[1,0,0,1,0,0],"masksToBounds":false,"rotation":0,"scale":1,"position":{"pointX":973.30254364013672,"pointY":284.29559326171875},"width":1730,"sublayerTransform":[1,0,0,0,0,1,0,0,0,0,1,0,0,0,0,1],"contentsRect":{"y":0,"x":0,"width":1,"height":1},"opacity":1,"edgeAntialiasingMask":251658240,"height":305.06399536132812,"hidden":false,"anchorPoint":{"pointX":0.5,"pointY":0.5}},"layers":[{"animations":[],"layers":[],"texturedRectangle":{"singleTextureOpacity":1,"textXHeight":0.53018724637681158,"textBaseline":0.75878956670346476,"isBackgroundTexture":true,"isVerticalText":false,"textColor":[0.99990898370742798,1,0.99987810850143433,1],"textureType":6},"initialState":{"affineTransform":[1,0,0,1,0,0],"masksToBounds":false,"rotation":0,"scale":1,"position":{"pointX":865,"pointY":152.53199768066409},"width":1710,"sublayerTransform":[1,0,0,0,0,1,0,0,0,0,1,0,0,0,0,1],"contentsRect":{"y":0,"x":0,"width":1,"height":1},"opacity":1,"edgeAntialiasingMask":0,"height":69,"hidden":false,"anchorPoint":{"pointX":0.4984225401404308,"pointY":1.8738491777060688}},"texture":"DF4A1ABE0CA3332864506E8F34111A91"}]},{"animations":[],"initialState":{"affineTransform":[1,0,0,1,0,0],"masksToBounds":false,"rotation":0,"scale":1,"position":{"pointX":973.30254364013672,"pointY":284.29559326171875},"width":1730,"sublayerTransform":[1,0,0,0,0,1,0,0,0,0,1,0,0,0,0,1],"contentsRect":{"y":0,"x":0,"width":1,"height":1},"opacity":1,"edgeAntialiasingMask":251658240,"height":305.06399536132812,"hidden":false,"anchorPoint":{"pointX":0.5,"pointY":0.5}},"layers":[{"animations":[],"layers":[],"texturedRectangle":{"singleTextureOpacity":1,"textXHeight":0.53018724637681158,"textBaseline":0.76794206541904531,"isBackgroundTexture":true,"isVerticalText":false,"textColor":[0.99990898370742798,1,0.99987810850143433,1],"textureType":6},"initialState":{"affineTransform":[1,0,0,1,0,0],"masksToBounds":false,"rotation":0,"scale":1,"position":{"pointX":865,"pointY":152.53199768066409},"width":916,"sublayerTransform":[1,0,0,0,0,1,0,0,0,0,1,0,0,0,0,1],"contentsRect":{"y":0,"x":0,"width":1,"height":1},"opacity":1,"edgeAntialiasingMask":0,"height":69,"hidden":false,"anchorPoint":{"pointX":0.50033028781674316,"pointY":-1.1261508222939307}},"texture":"CF8E4BDD0744F490D169E12D06EF9F9F"}]},{"animations":[],"initialState":{"affineTransform":[1,0,0,1,0,0],"masksToBounds":false,"rotation":0,"scale":1,"position":{"pointX":973.30254364013672,"pointY":284.29559326171875},"width":1730,"sublayerTransform":[1,0,0,0,0,1,0,0,0,0,1,0,0,0,0,1],"contentsRect":{"y":0,"x":0,"width":1,"height":1},"opacity":1,"edgeAntialiasingMask":251658240,"height":305.06399536132812,"hidden":false,"anchorPoint":{"pointX":0.5,"pointY":0.5}},"layers":[{"animations":[],"layers":[],"texturedRectangle":{"singleTextureOpacity":1,"textXHeight":0.53018724637681158,"textBaseline":0.76184039960865824,"isBackgroundTexture":true,"isVerticalText":false,"textColor":[0.99990898370742798,1,0.99987810850143433,1],"textureType":6},"initialState":{"affineTransform":[1,0,0,1,0,0],"masksToBounds":false,"rotation":0,"scale":1,"position":{"pointX":865,"pointY":152.53199768066409},"width":1664,"sublayerTransform":[1,0,0,0,0,1,0,0,0,0,1,0,0,0,0,1],"contentsRect":{"y":0,"x":0,"width":1,"height":1},"opacity":1,"edgeAntialiasingMask":0,"height":69,"hidden":false,"anchorPoint":{"pointX":0.49958085555296677,"pointY":0.87384917770606885}},"texture":"4C464120E8927592D9F3A3E762A3111D"}]},{"animations":[],"initialState":{"affineTransform":[1,0,0,1,0,0],"masksToBounds":false,"rotation":0,"scale":1,"position":{"pointX":973.30254364013672,"pointY":284.29559326171875},"width":1730,"sublayerTransform":[1,0,0,0,0,1,0,0,0,0,1,0,0,0,0,1],"contentsRect":{"y":0,"x":0,"width":1,"height":1},"opacity":1,"edgeAntialiasingMask":251658240,"height":305.06399536132812,"hidden":false,"anchorPoint":{"pointX":0.5,"pointY":0.5}},"layers":[{"animations":[],"layers":[],"texturedRectangle":{"singleTextureOpacity":1,"textXHeight":0.53018724637681158,"textBaseline":0.7648912325138516,"isBackgroundTexture":true,"isVerticalText":false,"textColor":[0.99990898370742798,1,0.99987810850143433,1],"textureType":6},"initialState":{"affineTransform":[1,0,0,1,0,0],"masksToBounds":false,"rotation":0,"scale":1,"position":{"pointX":865,"pointY":152.53199768066409},"width":1614,"sublayerTransform":[1,0,0,0,0,1,0,0,0,0,1,0,0,0,0,1],"contentsRect":{"y":0,"x":0,"width":1,"height":1},"opacity":1,"edgeAntialiasingMask":0,"height":69,"hidden":false,"anchorPoint":{"pointX":0.49894829221817638,"pointY":-0.12615082229393115}},"texture":"83F9BC4245FF6CA5A95339B1E4DB0291"}]},{"animations":[],"initialState":{"affineTransform":[1,0,0,1,0,0],"masksToBounds":false,"rotation":0,"scale":1,"position":{"pointX":973.30253982543945,"pointY":540},"width":1365.8639907836914,"sublayerTransform":[1,0,0,0,0,1,0,0,0,0,1,0,0,0,0,1],"contentsRect":{"y":0,"x":0,"width":1,"height":1},"opacity":1,"edgeAntialiasingMask":251658240,"height":63.656008243560791,"hidden":false,"anchorPoint":{"pointX":0.5,"pointY":0.5}},"layers":[{"animations":[],"layers":[],"texturedRectangle":{"singleTextureOpacity":1,"textXHeight":0.50644897959183677,"textBaseline":0.74702295478509395,"isBackgroundTexture":true,"isVerticalText":false,"textColor":[0.99990898370742798,1,0.99987810850143433,1],"textureType":6},"initialState":{"affineTransform":[1,0,0,1,0,0],"masksToBounds":false,"rotation":0,"scale":1,"position":{"pointX":682.93199999999979,"pointY":31.8280029296875},"width":1343,"sublayerTransform":[1,0,0,0,0,1,0,0,0,0,1,0,0,0,0,1],"contentsRect":{"y":0,"x":0,"width":1,"height":1},"opacity":1,"edgeAntialiasingMask":0,"height":49,"hidden":false,"anchorPoint":{"pointX":0.50580978736678595,"pointY":0.38775507771238987}},"texture":"1937937BB3A3CA35C139DE4791FE2B04"}]},{"animations":[],"initialState":{"affineTransform":[1,0,0,1,0,0],"masksToBounds":false,"rotation":0,"scale":1,"position":{"pointX":278.16351893419909,"pointY":842.67086610191473},"width":238.0514641121174,"sublayerTransform":[1,0,0,0,0,1,0,0,0,0,1,0,0,0,0,1],"contentsRect":{"y":0,"x":0,"width":1,"height":1},"opacity":1,"edgeAntialiasingMask":251658240,"height":194.90716189208626,"hidden":false,"anchorPoint":{"pointX":0.5,"pointY":0.5}},"layers":[{"animations":[],"layers":[],"texturedRectangle":{"singleTextureOpacity":1,"textXHeight":0,"shapePath":{"lineWidth":1,"flatness":0.59999999999999998,"lineCapStyle":0,"elements":[{"type":"MoveToPoint","points":[[200.18913285007875,1.2392071551444133]]},{"type":"AddCurve","points":[[199.90752302715555,1.2856815933641883],[199.62774667242775,1.4027852328530344],[199.38981332948606,1.6109836235857529]]},{"type":"AddCurve","points":[[195.0474708230613,5.5369434501329806],[191.42264974130376,11.541133949616892],[189.81656790843408,16.537809667030842]]},{"type":"AddCurve","points":[[189.40018909657374,17.846462209802326],[188.57113471554476,18.928329735876332],[187.38143169453542,19.642143308038385]]},{"type":"AddCurve","points":[[178.81570427658153,24.638820160024125],[179.47001643138356,38.669665572067743],[175.48458301594655,50.982898636132632]]},{"type":"AddCurve","points":[[172.15346175531158,61.154706867716413],[158.65804664813913,65.076921543697608],[150.09224661758344,68.28909396414474]]},{"type":"AddCurve","points":[[141.52651919962955,71.560727022931133],[81.68535763912223,94.941764621254151],[81.685366715697455,150.61899633553639]]},{"type":"AddCurve","points":[[80.257748504896881,175.54289726569004],[70.491158416694816,179.9522063022996],[51.218285341161391,179.95216999600234]]},{"type":"AddCurve","points":[[31.945391843333709,179.95216999600234],[18.981570190208913,161.97303744825695],[14.87713039328446,154.002171416083]]},{"type":"AddCurve","points":[[9.8209697048841917,144.06829650359941],[-2.4365278973280056,149.61156919913719],[2.1437843292500816,159.48587455438974]]},{"type":"AddCurve","points":[[5.8318075188876719,167.39727087165011],[21.948324818737092,196.1244470479578],[52.761157904165884,196.1244470479578]]},{"type":"AddCurve","points":[[77.328147702479328,196.1244470479578],[89.343935822813364,189.46966613834775],[93.21043887308042,186.79285730073752]]},{"type":"AddCurve","points":[[93.983735852503742,186.2574846413263],[95.058202674459608,186.42471144651063],[95.534042130617308,187.25757790567877]]},{"type":"AddCurve","points":[[98.270320957322838,191.77836542802834],[102.84686633427191,196.1244470479578],[108.67634215524595,196.1244470479578]]},{"type":"AddCurve","points":[[108.67634215524595,196.1244470479578],[163.23828619120468,196.1244470479578],[167.3426772015373,196.1244470479578]]},{"type":"AddCurve","points":[[171.44708636502037,196.1244470479578],[173.76324683087296,194.15399537670964],[173.94171045294206,190.28755624989572]]},{"type":"AddCurve","points":[[174.12017407501116,186.89694745498491],[172.02704321558122,183.03795111910949],[167.26832189729612,183.03791481281223]]},{"type":"AddCurve","points":[[158.28619751433143,183.03791481281223],[154.95509440684691,173.46096710870188],[162.21216120889585,168.76169782901707]]},{"type":"AddCurve","points":[[168.10109767416725,164.89522239590588],[174.59981661618804,160.49335615023483],[181.0240531819145,155.6751655938715]]},{"type":"AddCurve","points":[[181.67838348986697,155.19928080252248],[182.55570709794119,155.55617170459846],[182.73422517946165,156.2700079681963]]},{"type":"AddCurve","points":[[186.06534644009662,170.96260372212964],[192.86148659908213,196.12442889480917],[200.35643228462141,196.1244470479578]]},{"type":"AddCurve","points":[[210.94463850045577,196.1244470479578],[207.89977426925907,196.1244470479578],[212.12315918078821,196.1244470479578]]},{"type":"AddCurve","points":[[216.34654409231734,196.1244470479578],[218.72215612589207,194.03503779373386],[218.72219243219297,189.99013506273332]]},{"type":"AddCurve","points":[[218.72219243219297,186.42108081678452],[216.29827486527211,183.16063009755453],[211.36101731231611,182.38730596589448]]},{"type":"AddCurve","points":[[209.16011119866744,182.03039691066988],[207.30865323117177,180.48008171132642],[206.71381079724233,178.27917581821384]]},{"type":"AddCurve","points":[[204.27495318750152,169.65396139050426],[203.2117231656739,153.7679231861548],[203.92548688819807,136.69596701149658]]},{"type":"AddCurve","points":[[203.9849747622211,135.74422465852149],[204.33440475522366,134.91890990918364],[204.929283495454,134.20506456901148]]},{"type":"AddCurve","points":[[214.56573818637116,123.43842303967722],[221.28743227536324,111.48210583826767],[221.28745042851369,98.811943296685968]]},{"type":"AddCurve","points":[[221.28745042851369,80.907193275454119],[212.59904401982203,75.854722721152484],[217.4767410861532,57.414631808519516]]},{"type":"AddCurve","points":[[219.61817747892928,49.384259755134735],[226.15768655001011,48.008695841082954],[226.15772285631101,48.008686764508639]]},{"type":"AddCurve","points":[[226.15772285631101,48.008686764508639],[238.7163627876871,49.55155009633927],[237.34819614460866,36.167608019749196]]},{"type":"AddCurve","points":[[237.28870827058563,35.632248975199445],[237.40398077594,35.100597711257478],[237.70138383975427,34.624735611344249]]},{"type":"AddCurve","points":[[238.5341596166254,33.672988720082003],[238.89480825660576,32.721237290532599],[239.13272344639699,31.947944926882656]]},{"type":"AddCurve","points":[[239.37065678933868,30.996198035620409],[238.83532038258272,30.037026506568282],[237.94303857853811,29.680108374769361]]},{"type":"AddCurve","points":[[234.31449610093841,28.252485768732413],[228.36607176164398,25.110944980463046],[223.96424138119619,19.995330967793734]]},{"type":"AddCurve","points":[[220.33569890359649,15.712465418826469],[211.11938072668272,15.355556363601863],[206.36062310209672,15.534013160357745]]},{"type":"AddCurve","points":[[204.7545594223775,15.593497624704582],[203.37524674492306,14.333184647592589],[203.25628915002744,12.727100706512601]]},{"type":"AddCurve","points":[[203.13733155513182,11.180510306353767],[202.60197699522541,6.6002230029381508],[202.06660428216856,2.6147802011695376]]},{"type":"AddCurve","points":[[201.93276110390434,1.633290226805002],[201.03399862514925,1.0997838316212665],[200.18913285007875,1.2392071551444133]]},{"type":"CloseSubpath"},{"type":"MoveToPoint","points":[[200.18913285007875,1.2392071551444133]]}],"windingRule":0,"lineJoinStyle":0,"miterLimit":10},"isBackgroundTexture":true,"textBaseline":0,"isVerticalText":false,"textureType":5},"initialState":{"affineTransform":[1,0,0,1,0,0],"masksToBounds":false,"rotation":0,"scale":1,"position":{"pointX":119.02573393484789,"pointY":97.453582764050338},"width":241,"sublayerTransform":[1,0,0,0,0,1,0,0,0,0,1,0,0,0,0,1],"contentsRect":{"y":0,"x":0,"width":1,"height":1},"opacity":1,"edgeAntialiasingMask":0,"height":198,"hidden":false,"anchorPoint":{"pointX":0.49860382080078125,"pointY":0.49833771676728222}},"texture":"15C82D643049B875A80E4C8B615AE283"}]},{"animations":[],"initialState":{"affineTransform":[1,0,0,1,0,0],"masksToBounds":false,"rotation":0,"scale":1,"position":{"pointX":1555.6087261249277,"pointY":842.67085463244302},"width":230.47624279351317,"sublayerTransform":[1,0,0,0,0,1,0,0,0,0,1,0,0,0,0,1],"contentsRect":{"y":0,"x":0,"width":1,"height":1},"opacity":1,"edgeAntialiasingMask":251658240,"height":188.70486844530649,"hidden":false,"anchorPoint":{"pointX":0.5,"pointY":0.5}},"layers":[{"animations":[],"layers":[],"texturedRectangle":{"singleTextureOpacity":1,"textXHeight":0,"shapePath":{"lineWidth":1,"flatness":0.59999999999999998,"lineCapStyle":0,"elements":[{"type":"MoveToPoint","points":[[39.129669689091315,1.3396448119549405]]},{"type":"AddCurve","points":[[39.402318186184857,1.3846403506780689],[39.673191559304541,1.4980175435409819],[39.903553439753523,1.6995906902244542]]},{"type":"AddCurve","points":[[44.107714878273327,5.5006194743814376],[47.617187701043804,11.313745925594048],[49.172161151172986,16.151418511686643]]},{"type":"AddCurve","points":[[49.575290048087481,17.418427396978586],[50.377962442998978,18.465867969203828],[51.529806996213665,19.156966720638593]]},{"type":"AddCurve","points":[[59.822957720771228,23.994640405198879],[59.189466943407751,37.578999296649272],[63.048076773511639,49.500403327852837]]},{"type":"AddCurve","points":[[66.273195826252049,59.348526483299793],[79.339162802934879,63.145929294259986],[87.632383829432001,66.255884660393349]]},{"type":"AddCurve","points":[[95.925534553989564,69.423408521324745],[153.86244383663779,92.060419810572057],[153.86243504889535,145.96590272894537]]},{"type":"AddCurve","points":[[155.24462390707413,170.09668068759493],[164.70042371418231,174.36567764804931],[183.35999966282316,174.36564249708317]]},{"type":"AddCurve","points":[[202.01959538388451,174.36564249708317],[214.5708851564616,156.95863800711231],[218.54471437316306,149.2414191456046]]},{"type":"AddCurve","points":[[223.4399790285147,139.62365784676513],[235.30742123873279,144.99053372045455],[230.8728627001401,154.55062107159756]]},{"type":"AddCurve","points":[[227.30219897306188,162.21026265056571],[211.69853794102323,190.02328885509633],[181.86622405107983,190.02328885509633]]},{"type":"AddCurve","points":[[158.08099959728224,190.02328885509633],[146.44757524298711,183.58027494073031],[142.70411120213794,180.98864693357609]]},{"type":"AddCurve","points":[[141.95542190906508,180.47031078685541],[140.91514653393006,180.63221613690257],[140.45444913625943,181.43857930018567]]},{"type":"AddCurve","points":[[137.80524357238392,185.81550730217714],[133.37433201555996,190.02328885509633],[127.73036049165057,190.02328885509633]]},{"type":"AddCurve","points":[[127.73036049165057,190.02328885509633],[74.904674634935873,190.02328885509633],[70.930892652349939,190.02328885509633]]},{"type":"AddCurve","points":[[66.957093094279116,190.02328885509633],[64.714636977205373,188.11554046970559],[64.54185238525497,184.37213833048008]]},{"type":"AddCurve","points":[[64.369067793304566,181.08942475350341],[66.395591503023752,177.35322856233688],[71.002881838458052,177.35319341137074]]},{"type":"AddCurve","points":[[79.699179035415,177.35319341137074],[82.924280512670521,168.08100126066711],[75.898146493809691,163.53127110912465]]},{"type":"AddCurve","points":[[70.196606469144172,159.787833818933],[63.904688331549551,155.52604280653759],[57.68488240845727,150.86117566539906]]},{"type":"AddCurve","points":[[57.051374055608903,150.40043437670101],[56.201968446375759,150.74596837387071],[56.029131127970686,151.43708909465931]]},{"type":"AddCurve","points":[[52.804012075230276,165.66214025209774],[46.224137193203205,190.02327127961325],[38.967694020348063,190.02328885509633]]},{"type":"AddCurve","points":[[28.716423373261932,190.02328885509633],[31.664394604777044,190.02328885509633],[27.575405318739286,190.02328885509633]]},{"type":"AddCurve","points":[[23.486416032701527,190.02328885509633],[21.186400202614095,188.00036832914338],[21.186365051644316,184.08418161584996]]},{"type":"AddCurve","points":[[21.186365051644316,180.62870104028843],[23.533149247023175,177.47200367692858],[28.313294476347437,176.72328809811734]]},{"type":"AddCurve","points":[[30.444163839856628,176.37773652546457],[32.236705119239559,174.87675512026181],[32.812618608104458,172.74588597728871]]},{"type":"AddCurve","points":[[35.17386742754752,164.39514125301503],[36.203263577535836,149.01462511206046],[35.512213087158671,132.48592902532255]]},{"type":"AddCurve","points":[[35.454618223175203,131.56447281115106],[35.116307714533832,130.76542104882537],[34.540359074699154,130.07429154029523]]},{"type":"AddCurve","points":[[25.210553524893839,119.65026374332956],[18.70275570639933,108.07441787558491],[18.70273813091444,95.807442499310127]]},{"type":"AddCurve","points":[[18.70273813091444,78.472453551221406],[27.114663982356433,73.580761619443365],[22.392183918955197,55.727467281729332]]},{"type":"AddCurve","points":[[20.318891843944584,47.952635986715904],[13.987481591802862,46.620844969293103],[13.987446440833082,46.620836181551567]]},{"type":"AddCurve","points":[[13.987446440833082,46.620836181551567],[1.8284447863970854,48.114602850953816],[3.1530739315621759,35.156561677275022]]},{"type":"AddCurve","points":[[3.2106687955456437,34.63823871216664],[3.0990644664962019,34.123505539475445],[2.8111252975486423,33.662786220131238]]},{"type":"AddCurve","points":[[2.004849928234762,32.741325612088986],[1.6556777699315717,31.819860610175965],[1.4253334649674798,31.071175788460096]]},{"type":"AddCurve","points":[[1.1949715845184983,30.149715180417843],[1.7132726339150395,29.221066199799679],[2.5771604426972772,28.875505839405378]]},{"type":"AddCurve","points":[[6.0902362398701371,27.493312730406615],[11.849371128519124,24.451741371965909],[16.111127431022396,19.498915319261869]]},{"type":"AddCurve","points":[[19.624203228195256,15.352338189200964],[28.547241755713912,15.006786616548197],[33.154567242117992,15.179564599809964]]},{"type":"AddCurve","points":[[34.709523116762284,15.237156162429528],[36.044943609649636,14.016948591619439],[36.160115762131682,12.461973105488141]]},{"type":"AddCurve","points":[[36.275287914613727,10.964597969717943],[36.793606539495158,6.530063575793065],[37.311942739861479,2.6714446707553634]]},{"type":"AddCurve","points":[[37.441526789953059,1.7211874575525599],[38.311689046840911,1.2046581872036768],[39.129669689091315,1.3396448119549405]]},{"type":"CloseSubpath"},{"type":"MoveToPoint","points":[[39.129669689091315,1.3396448119549405]]}],"windingRule":0,"lineJoinStyle":0,"miterLimit":10},"isBackgroundTexture":true,"textBaseline":0,"isVerticalText":false,"textureType":5},"initialState":{"affineTransform":[1,0,0,1,0,0],"masksToBounds":false,"rotation":0,"scale":1,"position":{"pointX":115.23812177329364,"pointY":94.352432251342975},"width":233,"sublayerTransform":[1,0,0,0,0,1,0,0,0,0,1,0,0,0,0,1],"contentsRect":{"y":0,"x":0,"width":1,"height":1},"opacity":1,"edgeAntialiasingMask":0,"height":192,"hidden":false,"anchorPoint":{"pointX":0.50046663734534269,"pointY":0.49828569094340008}},"texture":"235AE52CEB10D3079D7B5FBD9551DD11"}]},{"animations":[],"initialState":{"affineTransform":[1,0,0,1,0,0],"masksToBounds":false,"rotation":0,"scale":1,"position":{"pointX":934.00928099758653,"pointY":998.22995642388526},"width":107.05444206856191,"sublayerTransform":[1,0,0,0,0,1,0,0,0,0,1,0,0,0,0,1],"contentsRect":{"y":0,"x":0,"width":1,"height":1},"opacity":1,"edgeAntialiasingMask":251658240,"height":40.972795635461807,"hidden":false,"anchorPoint":{"pointX":0.5,"pointY":0.5}},"layers":[{"animations":[],"layers":[],"texturedRectangle":{"singleTextureOpacity":1,"textXHeight":0,"shapePath":{"lineWidth":1,"flatness":0.59999999999999998,"lineCapStyle":0,"elements":[{"type":"MoveToPoint","points":[[16.579053779390733,1.7435586061543518]]},{"type":"AddCurve","points":[[8.2561172398484359,1.7435586061543518],[1.4820626309134468,10.92347530376685],[1.4820599633055735,22.234124561793237]]},{"type":"AddCurve","points":[[1.4820599633055735,33.544783995937564],[8.2294415672622563,42.716342030274632],[16.579053779390733,42.716354241616159]]},{"type":"AddCurve","points":[[23.541510155998367,42.716354241616159],[29.408591002970297,36.315767368745242],[31.142526002858858,27.619358738905817]]},{"type":"AddCurve","points":[[31.302582073599297,26.765724909440564],[32.081193404182159,26.15217216007261],[32.93482510305671,26.152174195296197]]},{"type":"AddLine","points":[[35.944220336412172,26.152174195296197]]},{"type":"AddLine","points":[[35.944220336412172,26.769058605677515]]},{"type":"AddCurve","points":[[35.944220336412172,27.622692435142767],[36.641133730857518,28.311265561183632],[37.49476746495543,28.311269631630807]]},{"type":"AddCurve","points":[[38.348401199053342,28.311269631630807],[39.045318663945409,27.622696505589943],[39.045314593498688,26.769058605677515]]},{"type":"AddLine","points":[[39.045314593498688,26.152174195296197]]},{"type":"AddLine","points":[[79.192814437930565,26.152174195296197]]},{"type":"AddLine","points":[[79.192814437930565,26.769058605677515]]},{"type":"AddCurve","points":[[79.192814437930565,27.622692435142767],[79.881379346151107,28.311265561183632],[80.735025291589182,28.311269631630807]]},{"type":"AddCurve","points":[[81.588663096133814,28.311269631630807],[82.285572420132439,27.622696505589943],[82.285572420132439,26.769058605677515]]},{"type":"AddLine","points":[[82.285572420132439,26.152174195296197]]},{"type":"AddLine","points":[[90.205033560541551,26.152174195296197]]},{"type":"AddCurve","points":[[90.525149772469149,26.152174195296197],[90.796909077351074,26.423943706656814],[90.796909077351074,26.744049778229623]]},{"type":"AddLine","points":[[90.796909077351074,32.637796780115991]]},{"type":"AddCurve","points":[[90.796909077351074,32.957908957359564],[90.525133490682265,33.221327946339102],[90.205033560541551,33.221336087233453]]},{"type":"AddLine","points":[[89.754874716770928,33.221336087233453]]},{"type":"AddCurve","points":[[89.43475850484333,33.221336087233453],[89.162999199961405,33.49310559859407],[89.162999199961405,33.813211670166879]]},{"type":"AddLine","points":[[89.162999199961405,37.247757306343942]]},{"type":"AddCurve","points":[[89.162999199961405,37.567869483587515],[89.434774786630214,37.83964103017172],[89.754874716770928,37.839632889277368]]},{"type":"AddLine","points":[[93.75628666139869,37.839632889277368]]},{"type":"AddCurve","points":[[94.076402873326288,37.839632889277368],[94.33981776243013,37.567853201798812],[94.339825903323572,37.247757306343942]]},{"type":"AddLine","points":[[94.339825903323572,35.222042283064752]]},{"type":"AddCurve","points":[[94.339825903323572,34.901930105821179],[94.611601489992381,34.638511116841642],[94.931701420133095,34.63850297594729]]},{"type":"AddLine","points":[[96.824035818946641,34.63850297594729]]},{"type":"AddCurve","points":[[97.144152030874238,34.63850297594729],[97.40756691997808,34.90191992970324],[97.407575060871523,35.222042283064752]]},{"type":"AddLine","points":[[97.407575060871523,37.247757306343942]]},{"type":"AddCurve","points":[[97.407575060871523,37.567869483587515],[97.679350647540332,37.83964103017172],[97.999450577681046,37.839632889277368]]},{"type":"AddLine","points":[[102.00086252230881,37.839632889277368]]},{"type":"AddCurve","points":[[102.32097873423641,37.839632889277368],[102.58438548244681,37.567853201798812],[102.58440176423369,37.247757306343942]]},{"type":"AddLine","points":[[102.58440176423369,33.813211670166879]]},{"type":"AddCurve","points":[[102.58440176423369,33.493099492923307],[102.32098687512985,33.221327946339102],[102.00086252230881,33.221336087233453]]},{"type":"AddLine","points":[[101.54236740365354,33.221336087233453]]},{"type":"AddCurve","points":[[101.22225119172595,33.221336087233453],[100.9588363026221,32.957919133477503],[100.95882816172866,32.637796780115991]]},{"type":"AddLine","points":[[100.95882816172866,26.744049778229623]]},{"type":"AddCurve","points":[[100.95882816172866,26.423937600986051],[101.22225933261939,26.152166054401846],[101.54236740365354,26.152174195296197]]},{"type":"AddLine","points":[[107.16935295078633,26.152174195296197]]},{"type":"AddCurve","points":[[107.91627992409281,26.152174195296197],[108.53653459544125,25.540298470164657],[108.53650203186749,24.793361237294107]]},{"type":"AddLine","points":[[108.53650203186749,19.674887886292368]]},{"type":"AddCurve","points":[[108.4831466162484,18.927956759092581],[107.86626227478496,18.307740687697901],[107.11933530147849,18.307738652474313]]},{"type":"AddLine","points":[[82.285572420132439,18.307738652474313]]},{"type":"AddLine","points":[[82.285572420132439,17.69919051790896]]},{"type":"AddCurve","points":[[82.285572420132439,16.845555670831914],[81.58864681434693,16.148629987186382],[80.735025291589182,16.148643216139703]]},{"type":"AddCurve","points":[[79.881387487044549,16.148643216139703],[79.192838860610891,16.845568899785235],[79.192814437930565,17.69919051790896]]},{"type":"AddLine","points":[[79.192814437930565,18.307738652474313]]},{"type":"AddLine","points":[[39.045314593498688,18.307738652474313]]},{"type":"AddLine","points":[[39.045314593498688,17.69919051790896]]},{"type":"AddCurve","points":[[39.045314593498688,16.845555670831914],[38.348401199053342,16.148629987186382],[37.49476746495543,16.148643216139703]]},{"type":"AddCurve","points":[[36.641133730857518,16.148643216139703],[35.944216265965451,16.845568899785235],[35.944220336412172,17.69919051790896]]},{"type":"AddLine","points":[[35.944220336412172,18.307738652474313]]},{"type":"AddLine","points":[[32.93482510305671,18.307738652474313]]},{"type":"AddCurve","points":[[32.081191368958798,18.307738652474313],[31.302573932705855,17.694186920718153],[31.142526002858858,16.840554108864694]]},{"type":"AddCurve","points":[[29.408580826853495,8.1441510758901359],[23.541504050328285,1.7435586061543518],[16.579053779390733,1.7435586061543518]]},{"type":"CloseSubpath"},{"type":"MoveToPoint","points":[[16.55404495473681,7.5372702982491546]]},{"type":"AddCurve","points":[[20.528781226778392,7.5372702982491546],[23.756590525513502,11.345284550861493],[23.756586455066781,16.040271630532175]]},{"type":"AddCurve","points":[[23.756586455066781,17.907597413308054],[23.251411453414903,19.64655146827829],[22.39777364887027,21.033700844294458]]},{"type":"AddCurve","points":[[21.944281109235135,21.75395426070429],[21.944281109235135,22.712621909092945],[22.39777364887027,23.459557106739908]]},{"type":"AddCurve","points":[[23.251407382968182,24.873390299216794],[23.75658238462006,26.577322226686761],[23.756586455066781,28.444650044686227]]},{"type":"AddCurve","points":[[23.756586455066781,33.139640177192291],[20.528781226778392,36.95597951189086],[16.55404495473681,36.955987652785211]]},{"type":"AddCurve","points":[[12.579308682695228,36.955987652785211],[9.3514993839601175,33.139644247639467],[9.3515034544068385,28.444650044686227]]},{"type":"AddCurve","points":[[9.3515034544068385,26.577324261910348],[9.8566703151652746,24.846710553203252],[10.710316260603349,23.459557106739908]]},{"type":"AddCurve","points":[[11.163809817850165,22.712625979540121],[11.163817958743607,21.780640112388596],[10.710316260603349,21.033700844294458]]},{"type":"AddCurve","points":[[9.8566815088937574,19.619867651817572],[9.3515070160476625,17.907594360472672],[9.3515034544068385,16.040271630532175]]},{"type":"AddCurve","points":[[9.3515034544068385,11.345281498026111],[12.579307665083547,7.5372718246668455],[16.55404495473681,7.5372702982491546]]},{"type":"CloseSubpath"},{"type":"MoveToPoint","points":[[16.55404495473681,7.5372702982491546]]}],"windingRule":0,"lineJoinStyle":0,"miterLimit":10},"isBackgroundTexture":true,"textBaseline":0,"isVerticalText":false,"textureType":5},"initialState":{"affineTransform":[1,0,0,1,0,0],"masksToBounds":false,"rotation":0,"scale":1,"position":{"pointX":53.5272216796875,"pointY":20.486396789550781},"width":110,"sublayerTransform":[1,0,0,0,0,1,0,0,0,0,1,0,0,0,0,1],"contentsRect":{"y":0,"x":0,"width":1,"height":1},"opacity":1,"edgeAntialiasingMask":0,"height":44,"hidden":false,"anchorPoint":{"pointX":0.5000843785726643,"pointY":0.50522625899329843}},"texture":"63923EB2BF62E7A88B03B04586E5077E"}]},{"animations":[],"initialState":{"affineTransform":[1,0,0,1,0,0],"masksToBounds":false,"rotation":0,"scale":1,"position":{"pointX":918.77992778319197,"pointY":842.67086610646982},"width":91.267364559558018,"sublayerTransform":[1,0,0,0,0,1,0,0,0,0,1,0,0,0,0,1],"contentsRect":{"y":0,"x":0,"width":1,"height":1},"opacity":1,"edgeAntialiasingMask":251658240,"height":107.41955574695021,"hidden":false,"anchorPoint":{"pointX":0.5,"pointY":0.5}},"layers":[{"animations":[],"layers":[],"texturedRectangle":{"singleTextureOpacity":1,"textXHeight":0,"shapePath":{"lineWidth":1,"flatness":0.59999999999999998,"lineCapStyle":0,"elements":[{"type":"MoveToPoint","points":[[53.464124144265043,1.9610882329947117]]},{"type":"AddCurve","points":[[53.464124144265043,1.9610882329947117],[51.219441431984364,4.6765083471807429],[52.745778874704229,7.2858225436142448]]},{"type":"AddCurve","points":[[52.745778874704229,7.2858225436142448],[52.905763848393008,10.954624178123026],[55.071421684907364,12.502805063799656]]},{"type":"AddCurve","points":[[53.307165702865973,14.878803877399037],[52.347076849092332,17.474183324955447],[51.686219602102028,19.704216391146815]]},{"type":"AddCurve","points":[[51.06441993677015,21.802646592587848],[50.570719047963735,24.755758248990219],[50.132797956676768,26.65420687414769]]},{"type":"AddCurve","points":[[49.57536202749759,29.071869713381602],[50.125908450865495,30.984758227809607],[47.65450677669196,31.727520340420938]]},{"type":"AddCurve","points":[[31.252098229648141,36.659103997671764],[21.30917648792456,54.301535090613015],[18.72315104513018,68.812094881497956]]},{"type":"AddCurve","points":[[18.72315104513018,68.812094881497956],[7.0859576782449949,79.441646374455104],[1.1955264678463209,106.31869726844195]]},{"type":"AddCurve","points":[[0.51424781419484589,109.42769559510111],[7.1218654595654698,106.26484177423049],[7.1218749417230356,106.26482137322489]]},{"type":"AddCurve","points":[[7.1218749417230356,106.26482137322489],[7.0905642827896145,108.08337822354474],[11.970705511258529,108.02476728364888]]},{"type":"AddCurve","points":[[14.561345891402652,108.02591663608018],[23.090402945952064,106.68671819291467],[29.641999142454551,103.72367498215351]]},{"type":"AddCurve","points":[[36.286118497014513,100.71898038863458],[38.737508221330472,98.256019271378364],[39.528225914785253,96.549201602414882]]},{"type":"AddCurve","points":[[41.999908318290068,98.31748031796576],[44.980406744425409,99.409712232132506],[45.912519498006986,100.22174179304454]]},{"type":"AddCurve","points":[[47.034574809060928,101.19926603586293],[47.528046689395524,102.95511076947389],[45.203153544315683,103.58898524411086]]},{"type":"AddCurve","points":[[42.878300913909015,104.22314044807911],[42.468685212285777,103.68170206805303],[41.234295929992186,104.3342684612802]]},{"type":"AddCurve","points":[[40.920810054355798,104.50006254949483],[40.663403957223636,104.67465924064265],[40.453095449344801,104.85506878171179]]},{"type":"AddCurve","points":[[39.189382451133383,104.50825168556787],[37.171143718176381,104.54046429882169],[35.74793393372147,107.40519448865268]]},{"type":"AddCurve","points":[[35.628975957082162,107.64483447057819],[35.921070659943439,107.87452680721071],[36.125065200240897,107.70151191234652]]},{"type":"AddCurve","points":[[37.092532609285399,106.88058693829237],[38.708944514707923,105.95521082664879],[40.129840078042434,107.32438064582709]]},{"type":"AddCurve","points":[[40.141620940463213,107.33587417014007],[40.154258932459697,107.34939342811322],[40.165757341520475,107.36029790930513]]},{"type":"AddCurve","points":[[40.644175291047986,107.89905686147574],[41.437544540561703,108.26719128450111],[42.284875886724876,108.26720881212566]]},{"type":"AddCurve","points":[[45.916829282286244,108.26720881212566],[48.459383055409717,106.55272639913596],[50.572784434282767,106.87541485235158]]},{"type":"AddCurve","points":[[52.686156217330677,107.19809554743824],[54.423526259961022,109.38066294426005],[58.384789240756618,109.38064397994492]]},{"type":"AddCurve","points":[[61.28201938194934,109.38064397994492],[62.673695820437274,107.02647309304461],[64.787041455717372,108.26720881212566]]},{"type":"AddCurve","points":[[66.378607234956348,109.20163233877042],[69.237989200586298,108.75386215916149],[70.470948401117312,107.8631395979977]]},{"type":"AddCurve","points":[[71.190155685001628,107.39276711548928],[71.715531864800255,106.69839072886884],[73.398205374577628,106.87541485235158]]},{"type":"AddCurve","points":[[76.356925870844748,107.18688936123317],[76.935818198549441,108.33475769120355],[80.105754329101728,108.1235397582135]]},{"type":"AddCurve","points":[[81.500493504481028,108.03044221127846],[82.552236318536075,107.57710514316864],[83.203618304082738,106.9831666427857]]},{"type":"AddCurve","points":[[84.00011953897183,107.18631468501746],[84.580146277526183,107.59136400943123],[84.954584898637222,107.94395344082329]]},{"type":"AddCurve","points":[[85.159169631408076,108.13646997306557],[85.498529728977815,107.96141296626899],[85.457426587329792,107.6835532806075]]},{"type":"AddCurve","points":[[85.326687748269705,106.79654054175376],[84.903846160881358,106.23393683670542],[84.361950051249551,105.88769010670546]]},{"type":"AddCurve","points":[[85.790882461459887,105.45582093064547],[87.489771035337981,105.62372293121916],[88.654063036875414,107.94395344082329]]},{"type":"AddCurve","points":[[88.730494973556688,108.09624263797014],[88.956251352788286,108.02286596738941],[88.932421828830229,107.85416028212819]]},{"type":"AddCurve","points":[[88.651692497485897,105.88129683380635],[87.494866114665911,101.72201537067986],[82.754652510607229,103.714695666284]]},{"type":"AddCurve","points":[[81.313077223652613,102.82021213662688],[79.886213073142358,103.83144832294568],[78.992319161282467,103.83142677258763]]},{"type":"AddCurve","points":[[76.317776053653688,103.83142677258763],[74.073146211584799,101.42518648515409],[71.494590410241472,99.799713947177565]]},{"type":"AddCurve","points":[[68.66545940060314,98.016206311912015],[67.644453718618252,91.835942898913117],[67.2832912674412,88.13558263268385]]},{"type":"AddCurve","points":[[69.570502605722822,86.250931983464056],[71.946335337895903,83.534056789100077],[73.47901921740322,80.009301770777142]]},{"type":"AddCurve","points":[[78.259463317276527,69.015170801864656],[84.088038391189571,66.208340964788931],[89.022214987525331,58.261398734823501]]},{"type":"AddCurve","points":[[93.481989759066664,51.078520428092929],[92.982463377462182,43.158563556523745],[90.728285002732264,37.240820284300185]]},{"type":"AddCurve","points":[[90.326298989886027,36.185427414261426],[89.671079316571195,34.7572659321944],[90.03687768077998,33.209107458890117]]},{"type":"AddCurve","points":[[91.679014966995965,26.256099638418959],[90.418798298880574,16.673741247917633],[88.600187141658353,12.852998382710553]]},{"type":"AddCurve","points":[[90.800335033269221,11.227526706748336],[90.961750088720578,7.4833674927434686],[90.961747215339528,7.4833674927434686]]},{"type":"AddCurve","points":[[92.544980189451508,4.7769298551461361],[90.216486410542643,1.9610853596136621],[90.216463998170184,1.9610882329947117]]},{"type":"AddCurve","points":[[90.216463998170184,1.9610882329947117],[89.452076244887849,3.9135457909131901],[86.723510124930726,5.1577246825403336]]},{"type":"AddCurve","points":[[84.567324963816986,6.1409956875152147],[82.376845424858175,6.6549096628546067],[81.039603179530786,6.8997119612253073]]},{"type":"AddCurve","points":[[78.983699018047787,6.0086764888620792],[75.53525467972463,5.4181274287991528],[71.620300832414614,5.4181248427561286]]},{"type":"AddCurve","points":[[67.908754493647848,5.4181248427561286],[64.617600759576362,5.9512878852768836],[62.533233172470318,6.7650222231826547]]},{"type":"AddCurve","points":[[61.273542907768501,6.5466452612362218],[59.033822524609946,6.0452422744494925],[56.831367595331358,5.0409935762367013]]},{"type":"AddCurve","points":[[54.200787218199707,3.8413569760701876],[53.464096272468623,1.9610934050806463],[53.464124144265043,1.9610882329947117]]},{"type":"CloseSubpath"},{"type":"MoveToPoint","points":[[62.838529912033664,16.426766098775602]]},{"type":"AddCurve","points":[[64.774326744446171,16.802029667594184],[66.424964928582085,17.987509693864467],[67.417981005483853,19.614423232451713]]},{"type":"AddCurve","points":[[67.241842745387544,21.198518220887195],[65.897458424052047,22.433935024254424],[64.266241135285782,22.433928415477908]]},{"type":"AddCurve","points":[[62.515202706204377,22.433928415477908],[61.096554988887306,21.014974395737909],[61.09654263334869,19.264229913540817]]},{"type":"AddCurve","points":[[61.09654263334869,18.026377345033666],[61.804148928467725,16.948865762130822],[62.838529912033664,16.426766098775602]]},{"type":"CloseSubpath"},{"type":"MoveToPoint","points":[[80.868996178010093,16.426766098775602]]},{"type":"AddCurve","points":[[81.903413366177688,16.948859440692445],[82.610967078422959,18.026383666472043],[82.610983456695067,19.264229913540817]]},{"type":"AddCurve","points":[[82.610983456695067,21.015268342622221],[81.192029436955067,22.433924680082555],[79.441284954757975,22.433928415477908]]},{"type":"AddCurve","points":[[77.810066516639267,22.433928415477908],[76.465709492424025,21.198518220887195],[76.289545084559904,19.614423232451713]]},{"type":"AddCurve","points":[[77.282298247092967,17.987514865950402],[78.93317233581547,16.802020760112782],[80.868996178010093,16.426766098775602]]},{"type":"CloseSubpath"},{"type":"MoveToPoint","points":[[64.266241135285782,17.603056477681434]]},{"type":"AddCurve","points":[[63.842969690088125,17.603056190343295],[63.421852131346782,17.76499563784148],[63.098930072249459,18.087939534634984]]},{"type":"AddCurve","points":[[62.453014694204171,18.733832500307926],[62.453031072476278,19.785641976803959],[63.098930072249459,20.431540976577139]]},{"type":"AddCurve","points":[[63.744820164541238,21.077435953616828],[64.787653198548924,21.07743997635032],[65.433552198322104,20.431540976577139]]},{"type":"AddCurve","points":[[66.079467576367392,19.785648010904197],[66.079451198095285,18.733838534408164],[65.433552198322104,18.087939534634984]]},{"type":"AddCurve","points":[[65.110607152176158,17.764992189784152],[64.689535567532062,17.60306136242923],[64.266241135285782,17.603056477681434]]},{"type":"CloseSubpath"},{"type":"MoveToPoint","points":[[79.441284954757975,17.603056477681434]]},{"type":"AddCurve","points":[[79.018007475460081,17.603056190343295],[78.596895950818976,17.76499563784148],[78.273973891721653,18.087939534634984]]},{"type":"AddCurve","points":[[77.628058513676365,18.733832500307926],[77.628074891948472,19.785641976803959],[78.273973891721653,20.431540976577139]]},{"type":"AddCurve","points":[[78.919887258400195,21.077435953616828],[79.962697018021117,21.07743997635032],[80.608596017794298,20.431540976577139]]},{"type":"AddCurve","points":[[81.254511395839586,19.785648010904197],[81.254495017567478,18.733838534408164],[80.608596017794298,18.087939534634984]]},{"type":"AddCurve","points":[[80.285639190786014,17.764992189784152],[79.864561859379705,17.60306136242923],[79.441284954757975,17.603056477681434]]},{"type":"CloseSubpath"},{"type":"MoveToPoint","points":[[55.286925265775608,96.899394921325779]]},{"type":"AddCurve","points":[[56.111585635231449,97.6131427811614],[57.16273164803647,98.063547563880888],[58.528458294668781,98.210375038274265]]},{"type":"AddCurve","points":[[60.810210208901708,98.455474444248466],[62.604862252679254,101.08956925377697],[62.290791643993543,103.46327482193772]]},{"type":"AddCurve","points":[[61.374757756249551,103.93537133309303],[60.512432820282015,104.29836901276485],[59.776583200530695,104.29835119780216]]},{"type":"AddCurve","points":[[57.417537335292991,104.29835119780216],[55.925962631533935,101.30426972463374],[55.286925265775608,96.899394921325779]]},{"type":"CloseSubpath"},{"type":"MoveToPoint","points":[[55.286925265775608,96.899394921325779]]}],"windingRule":0,"lineJoinStyle":0,"miterLimit":10},"isBackgroundTexture":true,"textBaseline":0,"isVerticalText":false,"textureType":5},"initialState":{"affineTransform":[1,0,0,1,0,0],"masksToBounds":false,"rotation":0,"scale":1,"position":{"pointX":45.633680534540872,"pointY":53.70977581937052},"width":94,"sublayerTransform":[1,0,0,0,0,1,0,0,0,0,1,0,0,0,0,1],"contentsRect":{"y":0,"x":0,"width":1,"height":1},"opacity":1,"edgeAntialiasingMask":0,"height":111,"hidden":true,"anchorPoint":{"pointX":0.49765878763780669,"pointY":0.50153931578707411}},"texture":"F47EB0FEEC51ECC395C99348997EAD2E"}]}]}}]}